sample_id,id_metagenomics.master,r1_filename.master,r2_filename.master,locality.master,sampling.master,condition.master,plant_association.master,name_site.master,id_proyect.master,year_res.master,latitude.master,longitude.master,depth_cm.master,shdi.master,ndvi_p50.master,ndvi_sd.master,ndwi_p50.master,ndwi_sd.master,mndwi_p50.master,mndwi_sd.master,water_prop_mndwi.master,ndmi_p50.master,ndmi_sd.master,temperature_c.master,salinity_ups.master,ph.master,redox_shallow_mv.master,n_no2_umol_l.master,n_no3_umol_l.master,n_nh3_mg_l_campo.master,n_nh4plus_umol_l.master,p_po4_3_umol_l.master,s_2_umol.master,total_reads_rank.master,restoration4.master,lat_block,ECI_PC1,ECI_PC2,ECI_PC3,.sample_id,mhi_raw,MHI,ehi_raw,EHI,collapsed_stage,depth_fact,CAP1,CAP2,id_metagenomics.ps,r1_filename.ps,r2_filename.ps,locality.ps,sampling.ps,condition.ps,plant_association.ps,name_site.ps,id_proyect.ps,year_res.ps,latitude.ps,longitude.ps,depth_cm.ps,shdi.ps,ndvi_p50.ps,ndvi_sd.ps,ndwi_p50.ps,ndwi_sd.ps,mndwi_p50.ps,mndwi_sd.ps,water_prop_mndwi.ps,ndmi_p50.ps,ndmi_sd.ps,temperature_c.ps,salinity_ups.ps,ph.ps,redox_shallow_mv.ps,n_no2_umol_l.ps,n_no3_umol_l.ps,n_nh3_mg_l_campo.ps,n_nh4plus_umol_l.ps,p_po4_3_umol_l.ps,s_2_umol.ps,total_reads_rank.ps,restoration4.ps,collapsed_stage_clean,depth_cm_clean,locality_clean,depth_cm,locality,ECI_used
CC1_1,CC1_1,CC1_1_15493AAG_TCCGAATACG-CGGAGAACCT_R1.fastq.gz,CC1_1_15493AAG_TCCGAATACG-CGGAGAACCT_R2.fastq.gz,Carmen,2024_sep_03,Under restoration,Rizophora mangle,Canal 15,Intermediate restoration,2018,18.69209,-91.640456,5,0.912574429,0.177373012,0.144609412666667,-0.165680658666667,0.122352852333333,-0.0088817016666666,0.022402475,0.327545169333333,0.157766734333333,0.110361513,34.4333333333333,37.8333333333333,6.95333333333333,20.33,1.123188406,2.311827957,1.63333333333333,388.3308586,0,48.6511772943333,2676418,Intermediate restoration,18.69209,2.57734818935636,-0.0513825613880523,-2.50747909216964,CC1_1,2.57734818935636,0.8823580620586593,2.9562872145,0.01821287271038374,Intermediate,5,2.1374301796701354,-1.9782719543152067,CC1_1,CC1_1_15493AAG_TCCGAATACG-CGGAGAACCT_R1.fastq.gz,CC1_1_15493AAG_TCCGAATACG-CGGAGAACCT_R2.fastq.gz,Carmen,2024_sep_03,Under restoration,Rizophora mangle,Canal 15,Intermediate restoration,2018,18.69209,-91.640456,5,0.912574429,0.177373012,0.144609412666667,-0.165680658666667,0.122352852333333,-0.0088817016666666,0.022402475,0.327545169333333,0.157766734333333,0.110361513,34.4333333333333,37.8333333333333,6.95333333333333,20.33,1.123188406,2.311827957,1.63333333333333,388.3308586,0,48.6511772943333,2676418,Intermediate restoration,Intermediate,5,Carmen,5,Carmen,2.57734818935636
CC1_2,CC1_2,CC1_2_15494AAG_CGCTGAATAA-TACTTGGTCT_R1.fastq.gz,CC1_2_15494AAG_CGCTGAATAA-TACTTGGTCT_R2.fastq.gz,Carmen,2024_sep_03,Under restoration,Rizophora mangle,Canal 15,Intermediate restoration,2018,18.69209,-91.640456,20,0.912574429,0.177373012,0.144609412666667,-0.165680658666667,0.122352852333333,-0.0088817016666666,0.022402475,0.327545169333333,0.157766734333333,0.110361513,33.5666666666667,43,6.72,-59.3,1.56521739133333,4.78494623666667,5.73333333333333,1363.120565,3.07797048433333,900.5145796,2245098,Intermediate restoration,18.69209,-0.234713155204402,-0.635309536190411,-0.680516382596318,CC1_2,-0.234713155204402,0.5938432963065815,10.4562872145,0.4324895478551832,Intermediate,20,-1.5372681200862073,-1.9025052991636051,CC1_2,CC1_2_15494AAG_CGCTGAATAA-TACTTGGTCT_R1.fastq.gz,CC1_2_15494AAG_CGCTGAATAA-TACTTGGTCT_R2.fastq.gz,Carmen,2024_sep_03,Under restoration,Rizophora mangle,Canal 15,Intermediate restoration,2018,18.69209,-91.640456,20,0.912574429,0.177373012,0.144609412666667,-0.165680658666667,0.122352852333333,-0.0088817016666666,0.022402475,0.327545169333333,0.157766734333333,0.110361513,33.5666666666667,43,6.72,-59.3,1.56521739133333,4.78494623666667,5.73333333333333,1363.120565,3.07797048433333,900.5145796,2245098,Intermediate restoration,Intermediate,20,Carmen,20,Carmen,-0.234713155204402
CC1_3,CC1_3,CC1_3_15495AAG_CCATACCGCA-TTATCCGCCG_R1.fastq.gz,CC1_3_15495AAG_CCATACCGCA-TTATCCGCCG_R2.fastq.gz,Carmen,2024_sep_03,Under restoration,Rizophora mangle,Canal 15,Intermediate restoration,2018,18.69209,-91.640456,40,0.912574429,0.177373012,0.144609412666667,-0.165680658666667,0.122352852333333,-0.0088817016666666,0.022402475,0.327545169333333,0.157766734333333,0.110361513,33.8,48.5666666666667,6.75666666666667,-82.3333333333333,1.891304348,3.60215053766667,7.7,2389.42354833333,1.33874552666667,1548.93705493333,1788860,Intermediate restoration,18.69209,-0.567191509767721,-1.01115038467507,-0.298080210213083,CC1_3,-0.567191509767721,0.5597313396915471,20.4562872145,0.9848584480482492,Intermediate,40,-2.032942284865773,0.18392535236846663,CC1_3,CC1_3_15495AAG_CCATACCGCA-TTATCCGCCG_R1.fastq.gz,CC1_3_15495AAG_CCATACCGCA-TTATCCGCCG_R2.fastq.gz,Carmen,2024_sep_03,Under restoration,Rizophora mangle,Canal 15,Intermediate restoration,2018,18.69209,-91.640456,40,0.912574429,0.177373012,0.144609412666667,-0.165680658666667,0.122352852333333,-0.0088817016666666,0.022402475,0.327545169333333,0.157766734333333,0.110361513,33.8,48.5666666666667,6.75666666666667,-82.3333333333333,1.891304348,3.60215053766667,7.7,2389.42354833333,1.33874552666667,1548.93705493333,1788860,Intermediate restoration,Intermediate,40,Carmen,40,Carmen,-0.567191509767721
CC2_1,CC2_1,CC2_1_15496AAG_ATACAGACTC-CGCATATACT_R1.fastq.gz,CC2_1_15496AAG_ATACAGACTC-CGCATATACT_R2.fastq.gz,Carmen,2024_sep_03,Under restoration,Rizophora mangle,Canal 10,Early restoration,2021,18.684737,-91.647542,5,0.970972158,0.13173486,0.175673067,-0.124722775666667,0.146891763333333,-0.006173034,0.0316068286666667,0.394588091,0.124020192,0.132331356666667,33.4333333333333,36.4,6.77333333333333,-14.6666666666667,1.01449275366667,2.04301075266667,2,475.5071738,0,82.904516873333307,2770359,Early restoration,18.68474,2.70665178631442,-0.671433791613473,-1.95609610554686,CC2_1,2.70665178631442,0.8956244856590602,2.985486079,0.01982572717745888,Intermediate,5,0.5035649896094349,-1.205158415251926,CC2_1,CC2_1_15496AAG_ATACAGACTC-CGCATATACT_R1.fastq.gz,CC2_1_15496AAG_ATACAGACTC-CGCATATACT_R2.fastq.gz,Carmen,2024_sep_03,Under restoration,Rizophora mangle,Canal 10,Early restoration,2021,18.684737,-91.647542,5,0.970972158,0.13173486,0.175673067,-0.124722775666667,0.146891763333333,-0.006173034,0.0316068286666667,0.394588091,0.124020192,0.132331356666667,33.4333333333333,36.4,6.77333333333333,-14.6666666666667,1.01449275366667,2.04301075266667,2,475.5071738,0,82.904516873333307,2770359,Early restoration,Intermediate,5,Carmen,5,Carmen,2.70665178631442
CC2_2,CC2_2,CC2_2_15497AAG_GACCGCGTTA-TACCATGGAA_R1.fastq.gz,CC2_2_15497AAG_GACCGCGTTA-TACCATGGAA_R2.fastq.gz,Carmen,2024_sep_03,Under restoration,Rizophora mangle,Canal 10,Early restoration,2021,18.684737,-91.647542,20,0.970972158,0.13173486,0.175673067,-0.124722775666667,0.146891763333333,-0.006173034,0.0316068286666667,0.394588091,0.124020192,0.132331356666667,32.7,40.7666666666667,6.46,-69,1.18115942033333,3.27956989266667,3.73333333333333,887.613391066667,1.224322832,601.382608266667,1659685,Early restoration,18.68474,1.33548483826334,-0.91725529941574,-0.770187839053205,CC2_2,1.33548483826334,0.7549440870649317,10.485486079,0.4341024023222583,Intermediate,20,0.2595585008841605,-1.9071153844627604,CC2_2,CC2_2_15497AAG_GACCGCGTTA-TACCATGGAA_R1.fastq.gz,CC2_2_15497AAG_GACCGCGTTA-TACCATGGAA_R2.fastq.gz,Carmen,2024_sep_03,Under restoration,Rizophora mangle,Canal 10,Early restoration,2021,18.684737,-91.647542,20,0.970972158,0.13173486,0.175673067,-0.124722775666667,0.146891763333333,-0.006173034,0.0316068286666667,0.394588091,0.124020192,0.132331356666667,32.7,40.7666666666667,6.46,-69,1.18115942033333,3.27956989266667,3.73333333333333,887.613391066667,1.224322832,601.382608266667,1659685,Early restoration,Intermediate,20,Carmen,20,Carmen,1.33548483826334
CC2_3,CC2_3,CC2_3_15498AAG_AACACCAATG-ATGGTGAGTA_R1.fastq.gz,CC2_3_15498AAG_AACACCAATG-ATGGTGAGTA_R2.fastq.gz,Carmen,2024_sep_03,Under restoration,Rizophora mangle,Canal 10,Early restoration,2021,18.684737,-91.647542,40,0.970972158,0.13173486,0.175673067,-0.124722775666667,0.146891763333333,-0.006173034,0.0316068286666667,0.394588091,0.124020192,0.132331356666667,32.3333333333333,46.4,6.46666666666667,-92.6666666666667,1.71014492766667,3.27956989266667,5,2971.919836,2.90633644266667,1224.07609536667,1697040,Early restoration,18.68474,-0.0453121874073793,-1.38109570740449,0.223357894151796,CC2_3,-0.0453121874073793,0.6132756518499171,20.485486079,0.9864713025153244,Intermediate,40,-2.186248715100491,0.7406816661440389,CC2_3,CC2_3_15498AAG_AACACCAATG-ATGGTGAGTA_R1.fastq.gz,CC2_3_15498AAG_AACACCAATG-ATGGTGAGTA_R2.fastq.gz,Carmen,2024_sep_03,Under restoration,Rizophora mangle,Canal 10,Early restoration,2021,18.684737,-91.647542,40,0.970972158,0.13173486,0.175673067,-0.124722775666667,0.146891763333333,-0.006173034,0.0316068286666667,0.394588091,0.124020192,0.132331356666667,32.3333333333333,46.4,6.46666666666667,-92.6666666666667,1.71014492766667,3.27956989266667,5,2971.919836,2.90633644266667,1224.07609536667,1697040,Early restoration,Intermediate,40,Carmen,40,Carmen,-0.0453121874073793
CC3_1,CC3_1,CC3_1_15499AAG_ACCGTGCTTC-ATTGAGGTGA_R1.fastq.gz,CC3_1_15499AAG_ACCGTGCTTC-ATTGAGGTGA_R2.fastq.gz,Carmen,2024_sep_04,Under restoration,Rizophora mangle,Canal 9,Advanced restoration,2012,18.671669,-91.672163,5,1.20506765633333,0.471026278,0.178270206333333,-0.418655286666667,0.159243877666667,-0.066794407,0.0462308616666667,0.133143655666667,0.362150592666667,0.129331235,31.7,33.9,6.89,18.6666666666667,1.086956522,3.11827956966667,2.3,546.833249866667,0.0572113473333333,17.2566141686667,2039334,Advanced restoration,18.67167,2.94047809114579,1.88445750338757,-0.341870367559717,CC3_1,2.94047809114579,0.9196148376816384,3.1025338281666652,0.02629108082518534,Intermediate,5,0.12582295869506097,-1.7780272647899806,CC3_1,CC3_1_15499AAG_ACCGTGCTTC-ATTGAGGTGA_R1.fastq.gz,CC3_1_15499AAG_ACCGTGCTTC-ATTGAGGTGA_R2.fastq.gz,Carmen,2024_sep_04,Under restoration,Rizophora mangle,Canal 9,Advanced restoration,2012,18.671669,-91.672163,5,1.20506765633333,0.471026278,0.178270206333333,-0.418655286666667,0.159243877666667,-0.066794407,0.0462308616666667,0.133143655666667,0.362150592666667,0.129331235,31.7,33.9,6.89,18.6666666666667,1.086956522,3.11827956966667,2.3,546.833249866667,0.0572113473333333,17.2566141686667,2039334,Advanced restoration,Intermediate,5,Carmen,5,Carmen,2.94047809114579
CC3_2,CC3_2,CC3_2_15500AAG_CATCTAGACA-GACAGTTATC_R1.fastq.gz,CC3_2_15500AAG_CATCTAGACA-GACAGTTATC_R2.fastq.gz,Carmen,2024_sep_04,Under restoration,Rizophora mangle,Canal 9,Advanced restoration,2012,18.671669,-91.672163,20,1.20506765633333,0.471026278,0.178270206333333,-0.418655286666667,0.159243877666667,-0.066794407,0.0462308616666667,0.133143655666667,0.362150592666667,0.129331235,31.6666666666667,46.8333333333333,6.48333333333333,-47,1.304347826,5,5.03333333333333,1196.69305426667,1.02980425133333,304.0698581,274696,Advanced restoration,18.67167,1.31794109724591,1.5336647022117,1.21188844017068,CC3_2,1.31794109724591,0.7531441162570938,10.602533828166663,0.4405677559699848,Intermediate,20,0.5806569867578965,0.6987704694522312,CC3_2,CC3_2_15500AAG_CATCTAGACA-GACAGTTATC_R1.fastq.gz,CC3_2_15500AAG_CATCTAGACA-GACAGTTATC_R2.fastq.gz,Carmen,2024_sep_04,Under restoration,Rizophora mangle,Canal 9,Advanced restoration,2012,18.671669,-91.672163,20,1.20506765633333,0.471026278,0.178270206333333,-0.418655286666667,0.159243877666667,-0.066794407,0.0462308616666667,0.133143655666667,0.362150592666667,0.129331235,31.6666666666667,46.8333333333333,6.48333333333333,-47,1.304347826,5,5.03333333333333,1196.69305426667,1.02980425133333,304.0698581,274696,Advanced restoration,Intermediate,20,Carmen,20,Carmen,1.31794109724591
CC3_3,CC3_3,CC3_3_15501AAG_ATTGTTCTCG-GCAGTAGTAA_R1.fastq.gz,CC3_3_15501AAG_ATTGTTCTCG-GCAGTAGTAA_R2.fastq.gz,Carmen,2024_sep_04,Under restoration,Rizophora mangle,Canal 9,Advanced restoration,2012,18.671669,-91.672163,40,1.20506765633333,0.471026278,0.178270206333333,-0.418655286666667,0.159243877666667,-0.066794407,0.0462308616666667,0.133143655666667,0.362150592666667,0.129331235,31.3666666666667,52.2333333333333,6.57,-69.6666666666667,1.66666666633333,4.40860215066667,4.53333333333333,2694.54065133333,1.63624453266667,490.1502157,1499057,Advanced restoration,18.67167,0.731184091579694,1.3092643248341,1.57032911407816,CC3_3,0.731184091579694,0.6929434167344376,20.602533828166663,0.9929366561630508,Intermediate,40,-1.228964748218177,1.0452170875068665,CC3_3,CC3_3_15501AAG_ATTGTTCTCG-GCAGTAGTAA_R1.fastq.gz,CC3_3_15501AAG_ATTGTTCTCG-GCAGTAGTAA_R2.fastq.gz,Carmen,2024_sep_04,Under restoration,Rizophora mangle,Canal 9,Advanced restoration,2012,18.671669,-91.672163,40,1.20506765633333,0.471026278,0.178270206333333,-0.418655286666667,0.159243877666667,-0.066794407,0.0462308616666667,0.133143655666667,0.362150592666667,0.129331235,31.3666666666667,52.2333333333333,6.57,-69.6666666666667,1.66666666633333,4.40860215066667,4.53333333333333,2694.54065133333,1.63624453266667,490.1502157,1499057,Advanced restoration,Intermediate,40,Carmen,40,Carmen,0.731184091579694
CC4_1,CC4_1,CC4_1_15502AAG_TACGGCAGAA-ATGTAGCGGC_R1.fastq.gz,CC4_1_15502AAG_TACGGCAGAA-ATGTAGCGGC_R2.fastq.gz,Carmen,2024_sep_04,Degraded,Rizophora mangle,Deg canal prin,LT1_DEG,Degraded,18.682913,-91.657263,5,0.568886743666667,-0.138175773333333,0.183702022666667,0.124720098,0.161743535,0.0915628476666667,0.0563991833333333,0.84304641,-0.0240113413333333,0.116753231333333,33.6666666666667,46.5333333333333,6.81,-96.6666666666667,1.52173913033333,5.16129032266667,9.43333333333334,2242.80883633333,2.27701162233333,714.6941109,4254914,Degraded,18.68291,-0.793219113365861,-4.12246154435692,-1.26977313243381,CC4_1,-0.793219113365861,0.5365411268493706,2.7844433718333335,0.00872075327251004,Degraded,5,4.138652829823634,0.602303587553988,CC4_1,CC4_1_15502AAG_TACGGCAGAA-ATGTAGCGGC_R1.fastq.gz,CC4_1_15502AAG_TACGGCAGAA-ATGTAGCGGC_R2.fastq.gz,Carmen,2024_sep_04,Degraded,Rizophora mangle,Deg canal prin,LT1_DEG,Degraded,18.682913,-91.657263,5,0.568886743666667,-0.138175773333333,0.183702022666667,0.124720098,0.161743535,0.0915628476666667,0.0563991833333333,0.84304641,-0.0240113413333333,0.116753231333333,33.6666666666667,46.5333333333333,6.81,-96.6666666666667,1.52173913033333,5.16129032266667,9.43333333333334,2242.80883633333,2.27701162233333,714.6941109,4254914,Degraded,Degraded,5,Carmen,5,Carmen,-0.793219113365861
CC4_2,CC4_2,CC4_2_15503AAG_AGAAGTCTGT-GAGGCATGCT_R1.fastq.gz,CC4_2_15503AAG_AGAAGTCTGT-GAGGCATGCT_R2.fastq.gz,Carmen,2024_sep_04,Degraded,Rizophora mangle,Deg canal prin,LT1_DEG,Degraded,18.682913,-91.657263,20,0.568886743666667,-0.138175773333333,0.183702022666667,0.124720098,0.161743535,0.0915628476666667,0.0563991833333333,0.84304641,-0.0240113413333333,0.116753231333333,33.8333333333333,57.6666666666667,6.67333333333333,-116.333333333333,2.39130434766667,5.64516129033333,10.7333333333333,4798.65989566667,4.302293317,2445.55330333333,1845136,Degraded,18.68291,-2.84788112030065,-4.972890175955,0.561096257339035,CC4_2,-2.84788112030065,0.3257347983255955,10.284443371833332,0.42299742841730953,Degraded,20,-1.541719313107108,-0.7777615458590861,CC4_2,CC4_2_15503AAG_AGAAGTCTGT-GAGGCATGCT_R1.fastq.gz,CC4_2_15503AAG_AGAAGTCTGT-GAGGCATGCT_R2.fastq.gz,Carmen,2024_sep_04,Degraded,Rizophora mangle,Deg canal prin,LT1_DEG,Degraded,18.682913,-91.657263,20,0.568886743666667,-0.138175773333333,0.183702022666667,0.124720098,0.161743535,0.0915628476666667,0.0563991833333333,0.84304641,-0.0240113413333333,0.116753231333333,33.8333333333333,57.6666666666667,6.67333333333333,-116.333333333333,2.39130434766667,5.64516129033333,10.7333333333333,4798.65989566667,4.302293317,2445.55330333333,1845136,Degraded,Degraded,20,Carmen,20,Carmen,-2.84788112030065
CC4_3,CC4_3,CC4_3_15504AAG_CATTCTAGGT-CTTGTCAATG_R1.fastq.gz,CC4_3_15504AAG_CATTCTAGGT-CTTGTCAATG_R2.fastq.gz,Carmen,2024_sep_04,Degraded,Rizophora mangle,Deg canal prin,LT1_DEG,Degraded,18.682913,-91.657263,40,0.568886743666667,-0.138175773333333,0.183702022666667,0.124720098,0.161743535,0.0915628476666667,0.0563991833333333,0.84304641,-0.0240113413333333,0.116753231333333,33.9666666666667,59.2,6.71,-110.333333333333,2.31884057966667,6.34408602133333,9.1,5408.894102,4.130659275,3051.09413166667,1924162,Degraded,18.68291,-3.16956616121877,-5.09599028404714,0.767237966715565,CC4_3,-3.16956616121877,0.2927302252191237,20.284443371833333,0.9753663286103756,Degraded,40,-2.5166258611507386,0.03115735311384808,CC4_3,CC4_3_15504AAG_CATTCTAGGT-CTTGTCAATG_R1.fastq.gz,CC4_3_15504AAG_CATTCTAGGT-CTTGTCAATG_R2.fastq.gz,Carmen,2024_sep_04,Degraded,Rizophora mangle,Deg canal prin,LT1_DEG,Degraded,18.682913,-91.657263,40,0.568886743666667,-0.138175773333333,0.183702022666667,0.124720098,0.161743535,0.0915628476666667,0.0563991833333333,0.84304641,-0.0240113413333333,0.116753231333333,33.9666666666667,59.2,6.71,-110.333333333333,2.31884057966667,6.34408602133333,9.1,5408.894102,4.130659275,3051.09413166667,1924162,Degraded,Degraded,40,Carmen,40,Carmen,-3.16956616121877
CC5_1,CC5_1,CC5_1_15505AAG_CTCGCTGAGT-TCTCCGTTGT_R1.fastq.gz,CC5_1_15505AAG_CTCGCTGAGT-TCTCCGTTGT_R2.fastq.gz,Carmen,2024_sep_05,Conserved,Rizophora mangle,Ref Rm,NA,Preserved,18.705414,-91.643521,5,0.994804631,0.548895011,0.243684106333333,-0.47798653,0.217676297666667,-0.119171300333333,0.0461568073333333,0.013858234,0.378126095333333,0.189567921333333,31.4333333333333,37.7333333333333,6.54333333333333,-9.66666666666667,1.036231884,3.60215053766667,2.93333333333333,546.833249866667,0.270037559666667,73.4965434866667,3213264,Conserved,18.70541,3.48846081904135,1.92649259412008,1.73493185351171,CC5_1,3.48846081904135,0.9758373339229736,2.9974023155,0.02048394302245342,Preserved,5,3.772407716889095,2.8535631394208587,CC5_1,CC5_1_15505AAG_CTCGCTGAGT-TCTCCGTTGT_R1.fastq.gz,CC5_1_15505AAG_CTCGCTGAGT-TCTCCGTTGT_R2.fastq.gz,Carmen,2024_sep_05,Conserved,Rizophora mangle,Ref Rm,NA,Preserved,18.705414,-91.643521,5,0.994804631,0.548895011,0.243684106333333,-0.47798653,0.217676297666667,-0.119171300333333,0.0461568073333333,0.013858234,0.378126095333333,0.189567921333333,31.4333333333333,37.7333333333333,6.54333333333333,-9.66666666666667,1.036231884,3.60215053766667,2.93333333333333,546.833249866667,0.270037559666667,73.4965434866667,3213264,Conserved,Preserved,5,Carmen,5,Carmen,3.48846081904135
CC5_2,CC5_2,CC5_2_15506AAG_TCTCGCATCG-CACTGTCTGG_R1.fastq.gz,CC5_2_15506AAG_TCTCGCATCG-CACTGTCTGG_R2.fastq.gz,Carmen,2024_sep_05,Conserved,Rizophora mangle,Ref Rm,NA,Preserved,18.705414,-91.643521,20,0.994804631,0.548895011,0.243684106333333,-0.47798653,0.217676297666667,-0.119171300333333,0.0461568073333333,0.013858234,0.378126095333333,0.189567921333333,30.8666666666667,38.1,6.44666666666667,-19.3333333333333,1.02173913033333,4.19354838733333,2.56666666666667,610.234206333333,0.163624453333333,232.860335773333,1953779,Conserved,18.70541,3.22633311506353,1.98202666754308,1.97127223151986,CC5_2,3.22633311506353,0.9489432858053628,10.4974023155,0.4347606181672529,Preserved,20,0.2859192058451807,4.617397426100817,CC5_2,CC5_2_15506AAG_TCTCGCATCG-CACTGTCTGG_R1.fastq.gz,CC5_2_15506AAG_TCTCGCATCG-CACTGTCTGG_R2.fastq.gz,Carmen,2024_sep_05,Conserved,Rizophora mangle,Ref Rm,NA,Preserved,18.705414,-91.643521,20,0.994804631,0.548895011,0.243684106333333,-0.47798653,0.217676297666667,-0.119171300333333,0.0461568073333333,0.013858234,0.378126095333333,0.189567921333333,30.8666666666667,38.1,6.44666666666667,-19.3333333333333,1.02173913033333,4.19354838733333,2.56666666666667,610.234206333333,0.163624453333333,232.860335773333,1953779,Conserved,Preserved,20,Carmen,20,Carmen,3.22633311506353
CC5_3,CC5_3,CC5_3_15507AAG_GCCTTCACAT-TCTTGGAGTT_R1.fastq.gz,CC5_3_15507AAG_GCCTTCACAT-TCTTGGAGTT_R2.fastq.gz,Carmen,2024_sep_05,Conserved,Rizophora mangle,Ref Rm,NA,Preserved,18.705414,-91.643521,40,0.994804631,0.548895011,0.243684106333333,-0.47798653,0.217676297666667,-0.119171300333333,0.0461568073333333,0.013858234,0.378126095333333,0.189567921333333,30.4666666666667,36.8666666666667,6.45,-17,1.28985507266667,4.623655914,2.6,618.159325933333,0.389037161666667,260.928322666667,1735102,Conserved,18.70541,2.97993260699175,2.01978571347634,2.06487954512298,CC5_3,2.97993260699175,0.9236628327295332,20.4974023155,0.9871295183603188,Preserved,40,-0.796921128721468,2.41850160757343,CC5_3,CC5_3_15507AAG_GCCTTCACAT-TCTTGGAGTT_R1.fastq.gz,CC5_3_15507AAG_GCCTTCACAT-TCTTGGAGTT_R2.fastq.gz,Carmen,2024_sep_05,Conserved,Rizophora mangle,Ref Rm,NA,Preserved,18.705414,-91.643521,40,0.994804631,0.548895011,0.243684106333333,-0.47798653,0.217676297666667,-0.119171300333333,0.0461568073333333,0.013858234,0.378126095333333,0.189567921333333,30.4666666666667,36.8666666666667,6.45,-17,1.28985507266667,4.623655914,2.6,618.159325933333,0.389037161666667,260.928322666667,1735102,Conserved,Preserved,40,Carmen,40,Carmen,2.97993260699175
CC6_1,CC6_1,CC6_1_15508AAG_GTACACCATG-ATTCAGCCTC_R1.fastq.gz,CC6_1_15508AAG_GTACACCATG-ATTCAGCCTC_R2.fastq.gz,Carmen,2024_sep_05,Under restoration,Rizophora mangle,CONAFOR T2,Intermediate restoration,2018,18.713877,-91.616237,5,0.862157451333333,0.115846076666667,0.138035191333333,-0.0914749986666667,0.124365419333333,0.047186398,0.0417407636666667,0.838046430333333,0.138651279333333,0.0928548843333333,31.7666666666667,36.1333333333333,6.57,-7.66666666666667,1.31884057966667,3.33333333366667,3.8,903.4636302,0.583555742333333,386.714486233333,2548649,Intermediate restoration,18.71388,1.57627533220636,-1.10822955534992,-1.93281986441223,CC6_1,1.57627533220636,0.7796489581338624,2.9310787256666666,0.01682043418514398,Intermediate,5,1.5066526359829882,-0.9092554617694656,CC6_1,CC6_1_15508AAG_GTACACCATG-ATTCAGCCTC_R1.fastq.gz,CC6_1_15508AAG_GTACACCATG-ATTCAGCCTC_R2.fastq.gz,Carmen,2024_sep_05,Under restoration,Rizophora mangle,CONAFOR T2,Intermediate restoration,2018,18.713877,-91.616237,5,0.862157451333333,0.115846076666667,0.138035191333333,-0.0914749986666667,0.124365419333333,0.047186398,0.0417407636666667,0.838046430333333,0.138651279333333,0.0928548843333333,31.7666666666667,36.1333333333333,6.57,-7.66666666666667,1.31884057966667,3.33333333366667,3.8,903.4636302,0.583555742333333,386.714486233333,2548649,Intermediate restoration,Intermediate,5,Carmen,5,Carmen,1.57627533220636
CC6_2,CC6_2,CC6_2_15509AAG_TGTGGTACAA-TGCCTAATGT_R1.fastq.gz,CC6_2_15509AAG_TGTGGTACAA-TGCCTAATGT_R2.fastq.gz,Carmen,2024_sep_05,Under restoration,Rizophora mangle,CONAFOR T2,Intermediate restoration,2018,18.713877,-91.616237,20,0.862157451333333,0.115846076666667,0.138035191333333,-0.0914749986666667,0.124365419333333,0.047186398,0.0417407636666667,0.838046430333333,0.138651279333333,0.0928548843333333,32.9333333333333,40.0333333333333,6.79666666666667,-68,1.62318840566667,3.65591397833333,5.76666666666667,1371.0456847,1.842205383,851.1357138333332,2333362,Intermediate restoration,18.71388,0.219674236432998,-1.74289772925801,-1.48270465086933,CC6_2,0.219674236432998,0.6404630018519594,10.431078725666666,0.4310971093299434,Intermediate,20,-0.1862954948436187,-1.9366690263556,CC6_2,CC6_2_15509AAG_TGTGGTACAA-TGCCTAATGT_R1.fastq.gz,CC6_2_15509AAG_TGTGGTACAA-TGCCTAATGT_R2.fastq.gz,Carmen,2024_sep_05,Under restoration,Rizophora mangle,CONAFOR T2,Intermediate restoration,2018,18.713877,-91.616237,20,0.862157451333333,0.115846076666667,0.138035191333333,-0.0914749986666667,0.124365419333333,0.047186398,0.0417407636666667,0.838046430333333,0.138651279333333,0.0928548843333333,32.9333333333333,40.0333333333333,6.79666666666667,-68,1.62318840566667,3.65591397833333,5.76666666666667,1371.0456847,1.842205383,851.1357138333332,2333362,Intermediate restoration,Intermediate,20,Carmen,20,Carmen,0.219674236432998
CC6_3,CC6_3,CC6_3_15510AAG_GTATGTTCCT-ATTGGAGCGA_R1.fastq.gz,CC6_3_15510AAG_GTATGTTCCT-ATTGGAGCGA_R2.fastq.gz,Carmen,2024_sep_05,Under restoration,Rizophora mangle,CONAFOR T2,Intermediate restoration,2018,18.713877,-91.616237,40,0.862157451333333,0.115846076666667,0.138035191333333,-0.0914749986666667,0.124365419333333,0.047186398,0.0417407636666667,0.838046430333333,0.138651279333333,0.0928548843333333,33.0666666666667,46.2333333333333,6.87333333333333,-90.6666666666667,1.62318840566667,4.892473118,5.03333333333333,2991.732635,2.437203395,1060.3461717,2180202,Intermediate restoration,18.71388,-0.78799798773959,-1.9827727495379,-0.955560706213104,CC6_3,-0.78799798773959,0.5370768092732052,20.431078725666666,0.9834660095230094,Intermediate,40,-1.2836803380640052,-0.7967533372669154,CC6_3,CC6_3_15510AAG_GTATGTTCCT-ATTGGAGCGA_R1.fastq.gz,CC6_3_15510AAG_GTATGTTCCT-ATTGGAGCGA_R2.fastq.gz,Carmen,2024_sep_05,Under restoration,Rizophora mangle,CONAFOR T2,Intermediate restoration,2018,18.713877,-91.616237,40,0.862157451333333,0.115846076666667,0.138035191333333,-0.0914749986666667,0.124365419333333,0.047186398,0.0417407636666667,0.838046430333333,0.138651279333333,0.0928548843333333,33.0666666666667,46.2333333333333,6.87333333333333,-90.6666666666667,1.62318840566667,4.892473118,5.03333333333333,2991.732635,2.437203395,1060.3461717,2180202,Intermediate restoration,Intermediate,40,Carmen,40,Carmen,-0.78799798773959
CZ1_1,CZ1_1,CZ1_1_15472AAG_TGAAGTCAAC-ACTGGCTTGA_R1.fastq.gz,CZ1_1_15472AAG_TGAAGTCAAC-ACTGGCTTGA_R2.fastq.gz,Cozumel,2024_sep_24,Degraded,Rizophora mangle,C9 Met carbono,Coz0_Deg,Degraded,20.54319,-86.879487,40,1.18634664766667,0.361794592666667,0.190101340333333,-0.336772046666667,0.176855224666667,-0.0977105686666667,0.0735422103333333,0.171217761333333,0.273959607333333,0.13966968,30.6666666666667,87.9666666666667,6.47,-32,1.67391304366667,3.33333333333333,8.5,5052.26372166667,1.716340419,1013.5661937,2365165,Degraded,20.54319,0.0330505171395391,0.0524106291549227,2.75073259479175,CZ1_1,0.0330505171395391,0.6213155893106643,20.593173323833337,0.9924196110146654,Degraded,40,-0.6736537529332752,0.8202052229866514,CZ1_1,CZ1_1_15472AAG_TGAAGTCAAC-ACTGGCTTGA_R1.fastq.gz,CZ1_1_15472AAG_TGAAGTCAAC-ACTGGCTTGA_R2.fastq.gz,Cozumel,2024_sep_24,Degraded,Rizophora mangle,C9 Met carbono,Coz0_Deg,Degraded,20.54319,-86.879487,40,1.18634664766667,0.361794592666667,0.190101340333333,-0.336772046666667,0.176855224666667,-0.0977105686666667,0.0735422103333333,0.171217761333333,0.273959607333333,0.13966968,30.6666666666667,87.9666666666667,6.47,-32,1.67391304366667,3.33333333333333,8.5,5052.26372166667,1.716340419,1013.5661937,2365165,Degraded,Degraded,40,Cozumel,40,Cozumel,0.0330505171395391
CZ1_2,CZ1_2,CZ1_2_15473AAG_TACGAACAAG-CAATGTGCCA_R1.fastq.gz,CZ1_2_15473AAG_TACGAACAAG-CAATGTGCCA_R2.fastq.gz,Cozumel,2024_sep_24,Degraded,Rizophora mangle,C9 Met carbono,Coz0_Deg,Degraded,20.54319,-86.879487,20,1.18634664766667,0.361794592666667,0.190101340333333,-0.336772046666667,0.176855224666667,-0.0977105686666667,0.0735422103333333,0.171217761333333,0.273959607333333,0.13966968,31.4666666666667,81.8333333333333,6.56,-53,1.81884057966667,4.139784946,9.86666666666667,5864.58847666667,1.07557332933333,1595.717033,2616931,Degraded,20.54319,-0.747981870479548,-0.328424074906317,3.06410442679384,CZ1_2,-0.747981870479548,0.5411824240813315,10.593173323833335,0.4400507108215994,Degraded,20,-0.5883302308441221,0.11454439679879838,CZ1_2,CZ1_2_15473AAG_TACGAACAAG-CAATGTGCCA_R1.fastq.gz,CZ1_2_15473AAG_TACGAACAAG-CAATGTGCCA_R2.fastq.gz,Cozumel,2024_sep_24,Degraded,Rizophora mangle,C9 Met carbono,Coz0_Deg,Degraded,20.54319,-86.879487,20,1.18634664766667,0.361794592666667,0.190101340333333,-0.336772046666667,0.176855224666667,-0.0977105686666667,0.0735422103333333,0.171217761333333,0.273959607333333,0.13966968,31.4666666666667,81.8333333333333,6.56,-53,1.81884057966667,4.139784946,9.86666666666667,5864.58847666667,1.07557332933333,1595.717033,2616931,Degraded,Degraded,20,Cozumel,20,Cozumel,-0.747981870479548
CZ1_3,CZ1_3,CZ1_3_15474AAG_ATGGTGACCA-CTTGGCGATT_R1.fastq.gz,CZ1_3_15474AAG_ATGGTGACCA-CTTGGCGATT_R2.fastq.gz,Cozumel,2024_sep_24,Degraded,Rizophora mangle,C9 Met carbono,Coz0_Deg,Degraded,20.54319,-86.879487,5,1.18634664766667,0.361794592666667,0.190101340333333,-0.336772046666667,0.176855224666667,-0.0977105686666667,0.0735422103333333,0.171217761333333,0.273959607333333,0.13966968,31.2666666666667,62.5666666666667,6.82,-68.3333333333333,2.89130434766667,4.94623655933333,10.7,4862.060852,1.27009191,1260.460523,3790315,Degraded,20.54319,-1.16855076103649,-0.26631509405216103,2.54460524348991,CZ1_3,-1.16855076103649,0.49803246393684536,3.093173323833335,0.02577403567679993,Degraded,5,3.886009288025741,0.18789563915082808,CZ1_3,CZ1_3_15474AAG_ATGGTGACCA-CTTGGCGATT_R1.fastq.gz,CZ1_3_15474AAG_ATGGTGACCA-CTTGGCGATT_R2.fastq.gz,Cozumel,2024_sep_24,Degraded,Rizophora mangle,C9 Met carbono,Coz0_Deg,Degraded,20.54319,-86.879487,5,1.18634664766667,0.361794592666667,0.190101340333333,-0.336772046666667,0.176855224666667,-0.0977105686666667,0.0735422103333333,0.171217761333333,0.273959607333333,0.13966968,31.2666666666667,62.5666666666667,6.82,-68.3333333333333,2.89130434766667,4.94623655933333,10.7,4862.060852,1.27009191,1260.460523,3790315,Degraded,Degraded,5,Cozumel,5,Cozumel,-1.16855076103649
CZ2_1,CZ2_1,CZ2_1_15475AAG_TTAACGGCTT-CTCCGTCTAC_R1.fastq.gz,CZ2_1_15475AAG_TTAACGGCTT-CTCCGTCTAC_R2.fastq.gz,Cozumel,2024_sep_27,Under restoration,Rizophora mangle,C7 Playa,Intermediate restoration,2017,20.54896,-86.843595,40,1.07370499933333,0.0560446986666667,0.166286703,-0.0785922086666667,0.200349431,0.152017250666667,0.133574464333333,0.865312195333333,0.196733726333333,0.121867659666667,31.2666666666667,48.7333333333333,6.56,-56,0.775362318666667,3.27956989233333,9.43333333333333,3942.74698266667,8.91352790933333,2003.74239833333,1927778,Intermediate restoration,20.54896,-0.727104760707493,-4.06500063580188,1.46475320497847,CZ2_1,-0.727104760707493,0.5433243952894333,20.536852499666665,0.9893086238443743,Intermediate,40,-1.989797307536787,1.7043326284479443,CZ2_1,CZ2_1_15475AAG_TTAACGGCTT-CTCCGTCTAC_R1.fastq.gz,CZ2_1_15475AAG_TTAACGGCTT-CTCCGTCTAC_R2.fastq.gz,Cozumel,2024_sep_27,Under restoration,Rizophora mangle,C7 Playa,Intermediate restoration,2017,20.54896,-86.843595,40,1.07370499933333,0.0560446986666667,0.166286703,-0.0785922086666667,0.200349431,0.152017250666667,0.133574464333333,0.865312195333333,0.196733726333333,0.121867659666667,31.2666666666667,48.7333333333333,6.56,-56,0.775362318666667,3.27956989233333,9.43333333333333,3942.74698266667,8.91352790933333,2003.74239833333,1927778,Intermediate restoration,Intermediate,40,Cozumel,40,Cozumel,-0.727104760707493
CZ2_2,CZ2_2,CZ2_2_15476AAG_ATGGTCCTGG-TCGGACGTGT_R1.fastq.gz,CZ2_2_15476AAG_ATGGTCCTGG-TCGGACGTGT_R2.fastq.gz,Cozumel,2024_sep_27,Under restoration,Rizophora mangle,C7 Playa,Intermediate restoration,2017,20.54896,-86.843595,20,1.07370499933333,0.0560446986666667,0.166286703,-0.0785922086666667,0.200349431,0.152017250666667,0.133574464333333,0.865312195333333,0.196733726333333,0.121867659666667,30.6666666666667,35.4333333333333,6.6633333333333304,-43.6666666666667,0.775362318666667,2.956989247,8.66666666666667,2060.53108633333,4.62267686166667,1151.30724043333,2076658,Intermediate restoration,20.54896,0.843486959219381,-3.3956837521598,0.0742096912801226,CZ2_2,0.843486959219381,0.7044655820005057,10.536852499666663,0.43693972365130834,Intermediate,20,-0.3095798790859054,-1.977805198312509,CZ2_2,CZ2_2_15476AAG_ATGGTCCTGG-TCGGACGTGT_R1.fastq.gz,CZ2_2_15476AAG_ATGGTCCTGG-TCGGACGTGT_R2.fastq.gz,Cozumel,2024_sep_27,Under restoration,Rizophora mangle,C7 Playa,Intermediate restoration,2017,20.54896,-86.843595,20,1.07370499933333,0.0560446986666667,0.166286703,-0.0785922086666667,0.200349431,0.152017250666667,0.133574464333333,0.865312195333333,0.196733726333333,0.121867659666667,30.6666666666667,35.4333333333333,6.6633333333333304,-43.6666666666667,0.775362318666667,2.956989247,8.66666666666667,2060.53108633333,4.62267686166667,1151.30724043333,2076658,Intermediate restoration,Intermediate,20,Cozumel,20,Cozumel,0.843486959219381
CZ2_3,CZ2_3,CZ2_3_15477AAG_TGGAACGGAA-TAAGAGTCCA_R1.fastq.gz,CZ2_3_15477AAG_TGGAACGGAA-TAAGAGTCCA_R2.fastq.gz,Cozumel,2024_sep_27,Under restoration,Rizophora mangle,C7 Playa,Intermediate restoration,2017,20.54896,-86.843595,5,1.07370499933333,0.0560446986666667,0.166286703,-0.0785922086666667,0.200349431,0.152017250666667,0.133574464333333,0.865312195333333,0.196733726333333,0.121867659666667,30.4,31.0333333333333,6.88666666666667,-11.3333333333333,0.768115942,2.688172043,3.8,903.463630366667,0.506892537333333,290.035864633333,2953943,Intermediate restoration,20.54896,2.70567072343919,-2.66625220136186,-1.48652461244538,CZ2_3,2.70567072343919,0.8955238295598671,3.036852499666665,0.02266304850650888,Intermediate,5,2.695692949432656,0.6634307546378755,CZ2_3,CZ2_3_15477AAG_TGGAACGGAA-TAAGAGTCCA_R1.fastq.gz,CZ2_3_15477AAG_TGGAACGGAA-TAAGAGTCCA_R2.fastq.gz,Cozumel,2024_sep_27,Under restoration,Rizophora mangle,C7 Playa,Intermediate restoration,2017,20.54896,-86.843595,5,1.07370499933333,0.0560446986666667,0.166286703,-0.0785922086666667,0.200349431,0.152017250666667,0.133574464333333,0.865312195333333,0.196733726333333,0.121867659666667,30.4,31.0333333333333,6.88666666666667,-11.3333333333333,0.768115942,2.688172043,3.8,903.463630366667,0.506892537333333,290.035864633333,2953943,Intermediate restoration,Intermediate,5,Cozumel,5,Cozumel,2.70567072343919
CZ3_1,CZ3_1,CZ3_1_15478AAG_TTGCTCACCA-GTGGACGCTA_R1.fastq.gz,CZ3_1_15478AAG_TTGCTCACCA-GTGGACGCTA_R2.fastq.gz,Cozumel,2024_sep_27,Conserved,Rizophora mangle,C8 Chaparro,Coz6_Nat,Preserved,20.542455,-86.856454,40,0.321377094333333,0.561643806,0.0668431726666667,-0.507644846,0.0529651906666667,-0.156641636,0.0112652216666667,0,0.380569096666667,0.0589829396666667,30.7666666666667,45.5333333333333,6.27666666666667,-8.33333333333333,0.565217391,3.440860215,1.5,891.575950933333,0.109845787,261.188211433333,1240530,Conserved,20.54246,1.37209345934881,4.18698831350173,-0.688472394503397,CZ3_1,1.37209345934881,0.7587000960714246,20.160688547166668,0.9685304969709044,Preserved,40,-1.5555339990380594,1.750879526059004,CZ3_1,CZ3_1_15478AAG_TTGCTCACCA-GTGGACGCTA_R1.fastq.gz,CZ3_1_15478AAG_TTGCTCACCA-GTGGACGCTA_R2.fastq.gz,Cozumel,2024_sep_27,Conserved,Rizophora mangle,C8 Chaparro,Coz6_Nat,Preserved,20.542455,-86.856454,40,0.321377094333333,0.561643806,0.0668431726666667,-0.507644846,0.0529651906666667,-0.156641636,0.0112652216666667,0,0.380569096666667,0.0589829396666667,30.7666666666667,45.5333333333333,6.27666666666667,-8.33333333333333,0.565217391,3.440860215,1.5,891.575950933333,0.109845787,261.188211433333,1240530,Conserved,Preserved,40,Cozumel,40,Cozumel,1.37209345934881
CZ3_2,CZ3_2,CZ3_2_15479AAG_AGACCGAATG-CCATGTCCTA_R1.fastq.gz,CZ3_2_15479AAG_AGACCGAATG-CCATGTCCTA_R2.fastq.gz,Cozumel,2024_sep_27,Conserved,Rizophora mangle,C8 Chaparro,Coz6_Nat,Preserved,20.542455,-86.856454,20,0.321377094333333,0.561643806,0.0668431726666667,-0.507644846,0.0529651906666667,-0.156641636,0.0112652216666667,0,0.380569096666667,0.0589829396666667,31.2666666666667,37.0333333333333,6.47333333333333,-3,0.666666666666667,4.40860215066667,3.2,760.811478233333,0.029749901,198.295129673333,1601839,Conserved,20.54246,0.988266130462847,4.09206273734065,-0.902224375913849,CZ3_2,0.988266130462847,0.7193197845085286,10.160688547166666,0.4161615967778382,Preserved,20,-1.200745193037527,2.2900054252499507,CZ3_2,CZ3_2_15479AAG_AGACCGAATG-CCATGTCCTA_R1.fastq.gz,CZ3_2_15479AAG_AGACCGAATG-CCATGTCCTA_R2.fastq.gz,Cozumel,2024_sep_27,Conserved,Rizophora mangle,C8 Chaparro,Coz6_Nat,Preserved,20.542455,-86.856454,20,0.321377094333333,0.561643806,0.0668431726666667,-0.507644846,0.0529651906666667,-0.156641636,0.0112652216666667,0,0.380569096666667,0.0589829396666667,31.2666666666667,37.0333333333333,6.47333333333333,-3,0.666666666666667,4.40860215066667,3.2,760.811478233333,0.029749901,198.295129673333,1601839,Conserved,Preserved,20,Cozumel,20,Cozumel,0.988266130462847
CZ3_3,CZ3_3,CZ3_3_15480AAG_GCACCGCTAT-GATGCTTCTG_R1.fastq.gz,CZ3_3_15480AAG_GCACCGCTAT-GATGCTTCTG_R2.fastq.gz,Cozumel,2024_sep_27,Conserved,Rizophora mangle,C8 Chaparro,Coz6_Nat,Preserved,20.542455,-86.856454,5,0.321377094333333,0.561643806,0.0668431726666667,-0.507644846,0.0529651906666667,-0.156641636,0.0112652216666667,0,0.380569096666667,0.0589829396666667,31.2666666666667,32.2666666666667,6.49666666666667,-14,1.239130435,2.41935483866667,3.5,832.1375541,0.25859529,225.3235615,476093,Conserved,20.54246,1.2959785788091,3.97736217843837,-1.02406992537138,CZ3_3,1.2959785788091,0.7508907831730277,2.6606885471666666,0.00188492163303879,Preserved,5,0.01023961451776105,0.12598625805190833,CZ3_3,CZ3_3_15480AAG_GCACCGCTAT-GATGCTTCTG_R1.fastq.gz,CZ3_3_15480AAG_GCACCGCTAT-GATGCTTCTG_R2.fastq.gz,Cozumel,2024_sep_27,Conserved,Rizophora mangle,C8 Chaparro,Coz6_Nat,Preserved,20.542455,-86.856454,5,0.321377094333333,0.561643806,0.0668431726666667,-0.507644846,0.0529651906666667,-0.156641636,0.0112652216666667,0,0.380569096666667,0.0589829396666667,31.2666666666667,32.2666666666667,6.49666666666667,-14,1.239130435,2.41935483866667,3.5,832.1375541,0.25859529,225.3235615,476093,Conserved,Preserved,5,Cozumel,5,Cozumel,1.2959785788091
CZ4_1,CZ4_1,CZ4_1_15481AAG_TAGTAACCGA-ATGCTGATTC_R1.fastq.gz,CZ4_1_15481AAG_TAGTAACCGA-ATGCTGATTC_R2.fastq.gz,Cozumel,2024_sep_28,Under restoration,Rizophora mangle,C3,Intermediate restoration,2018,20.54863,-86.816359,40,1.10097437633333,0.052556802,0.183156768333333,-0.062303141,0.185534102333333,0.181900612666667,0.084381233,0.955423280333334,0.253411781666667,0.121955398333333,31.1333333333333,46.7333333333333,6.43666666666667,-37.3333333333333,0.898550724666667,2.47311827966667,3.23333333333333,1921.84149433333,0.778074323333333,1403.3993452,1457884,Intermediate restoration,20.54863,2.1696831571285,-2.80539736518464,-0.257315051597229,CZ4_1,2.1696831571285,0.8405320252596984,20.550487188166667,0.9900617616334964,Intermediate,40,-1.2725496416085755,0.3334481576323577,CZ4_1,CZ4_1_15481AAG_TAGTAACCGA-ATGCTGATTC_R1.fastq.gz,CZ4_1_15481AAG_TAGTAACCGA-ATGCTGATTC_R2.fastq.gz,Cozumel,2024_sep_28,Under restoration,Rizophora mangle,C3,Intermediate restoration,2018,20.54863,-86.816359,40,1.10097437633333,0.052556802,0.183156768333333,-0.062303141,0.185534102333333,0.181900612666667,0.084381233,0.955423280333334,0.253411781666667,0.121955398333333,31.1333333333333,46.7333333333333,6.43666666666667,-37.3333333333333,0.898550724666667,2.47311827966667,3.23333333333333,1921.84149433333,0.778074323333333,1403.3993452,1457884,Intermediate restoration,Intermediate,40,Cozumel,40,Cozumel,2.1696831571285
CZ4_2,CZ4_2,CZ4_2_15482AAG_CCGACTATCG-CACCTCAGCT_R1.fastq.gz,CZ4_2_15482AAG_CCGACTATCG-CACCTCAGCT_R2.fastq.gz,Cozumel,2024_sep_28,Under restoration,Rizophora mangle,C3,Intermediate restoration,2018,20.54863,-86.816359,20,1.10097437633333,0.052556802,0.183156768333333,-0.062303141,0.185534102333333,0.181900612666667,0.084381233,0.955423280333334,0.253411781666667,0.121955398333333,30.4333333333333,39,6.34333333333333,-25,1.36231884033333,2.95698924733333,7.56666666666667,1799.0021407,1.40739914366667,1348.82270393333,2565185,Intermediate restoration,20.54863,1.58654605457502,-2.82930523930638,0.125283223840273,CZ4_2,1.58654605457502,0.7807027242844587,10.550487188166665,0.43769286144043035,Intermediate,20,1.0572800393649544,-1.9407035243382056,CZ4_2,CZ4_2_15482AAG_CCGACTATCG-CACCTCAGCT_R1.fastq.gz,CZ4_2_15482AAG_CCGACTATCG-CACCTCAGCT_R2.fastq.gz,Cozumel,2024_sep_28,Under restoration,Rizophora mangle,C3,Intermediate restoration,2018,20.54863,-86.816359,20,1.10097437633333,0.052556802,0.183156768333333,-0.062303141,0.185534102333333,0.181900612666667,0.084381233,0.955423280333334,0.253411781666667,0.121955398333333,30.4333333333333,39,6.34333333333333,-25,1.36231884033333,2.95698924733333,7.56666666666667,1799.0021407,1.40739914366667,1348.82270393333,2565185,Intermediate restoration,Intermediate,20,Cozumel,20,Cozumel,1.58654605457502
CZ4_3,CZ4_3,CZ4_3_15483AAG_CCTAATGTGG-CTGTCTCTGG_R1.fastq.gz,CZ4_3_15483AAG_CCTAATGTGG-CTGTCTCTGG_R2.fastq.gz,Cozumel,2024_sep_28,Under restoration,Rizophora mangle,C3,Intermediate restoration,2018,20.54863,-86.816359,5,1.10097437633333,0.052556802,0.183156768333333,-0.062303141,0.185534102333333,0.181900612666667,0.084381233,0.955423280333334,0.253411781666667,0.121955398333333,30.1,28.6333333333333,6.84666666666667,-9.66666666666667,1.036231884,2.795698925,3.76666666666667,895.5385105,0.0984035176666667,389.833151413333,2422839,Intermediate restoration,20.54863,2.69105628601833,-2.29539639954863,-1.59124484857254,CZ4_3,2.69105628601833,0.8940244024590915,3.050487188166665,0.02341618629563088,Intermediate,5,2.4937273375951183,-0.47104943145448663,CZ4_3,CZ4_3_15483AAG_CCTAATGTGG-CTGTCTCTGG_R1.fastq.gz,CZ4_3_15483AAG_CCTAATGTGG-CTGTCTCTGG_R2.fastq.gz,Cozumel,2024_sep_28,Under restoration,Rizophora mangle,C3,Intermediate restoration,2018,20.54863,-86.816359,5,1.10097437633333,0.052556802,0.183156768333333,-0.062303141,0.185534102333333,0.181900612666667,0.084381233,0.955423280333334,0.253411781666667,0.121955398333333,30.1,28.6333333333333,6.84666666666667,-9.66666666666667,1.036231884,2.795698925,3.76666666666667,895.5385105,0.0984035176666667,389.833151413333,2422839,Intermediate restoration,Intermediate,5,Cozumel,5,Cozumel,2.69105628601833
CZ5_1,CZ5_1,CZ5_1_15484AAG_GCTCTATCCG-TGTTAGTCGT_R1.fastq.gz,CZ5_1_15484AAG_GCTCTATCCG-TGTTAGTCGT_R2.fastq.gz,Cozumel,2024_sep_28,Under restoration,Rizophora mangle,C1 camas,Advanced restoration,2014,20.549906,-86.810249,40,1.08970988666667,0.164097316,0.18927095,-0.167224844666667,0.174188096,0.106344039,0.0954151526666667,0.841854602666667,0.310827387666667,0.116791801,30.9,51.2666666666667,6.17666666666667,-1,1.68115942033333,2.58064516133333,3.4,2020.905489,0.197951261666667,554.862518966667,2640717,Advanced restoration,20.54991,2.76769369117831,-1.52277133436408,0.491783888381419,CZ5_1,2.76769369117831,0.9018873258765864,20.544854943333338,0.989750653945076,Intermediate,40,-0.2150644245987815,0.30561616506725864,CZ5_1,CZ5_1_15484AAG_GCTCTATCCG-TGTTAGTCGT_R1.fastq.gz,CZ5_1_15484AAG_GCTCTATCCG-TGTTAGTCGT_R2.fastq.gz,Cozumel,2024_sep_28,Under restoration,Rizophora mangle,C1 camas,Advanced restoration,2014,20.549906,-86.810249,40,1.08970988666667,0.164097316,0.18927095,-0.167224844666667,0.174188096,0.106344039,0.0954151526666667,0.841854602666667,0.310827387666667,0.116791801,30.9,51.2666666666667,6.17666666666667,-1,1.68115942033333,2.58064516133333,3.4,2020.905489,0.197951261666667,554.862518966667,2640717,Advanced restoration,Intermediate,40,Cozumel,40,Cozumel,2.76769369117831
CZ5_2,CZ5_2,CZ5_2_15485AAG_ACCACTGTTA-GTATCTTGCT_R1.fastq.gz,CZ5_2_15485AAG_ACCACTGTTA-GTATCTTGCT_R2.fastq.gz,Cozumel,2024_sep_28,Under restoration,Rizophora mangle,C1 camas,Advanced restoration,2014,20.549906,-86.810249,20,1.08970988666667,0.164097316,0.18927095,-0.167224844666667,0.174188096,0.106344039,0.0954151526666667,0.841854602666667,0.310827387666667,0.116791801,30.4,51.0333333333333,6.14666666666667,5.33333333333333,4.99275362266667,2.688172043,4.56666666666667,1085.7413803,0.0984035176666667,443.110348766667,1924383,Advanced restoration,20.54991,2.12243416663316,-1.55363082864039,1.00021848730493,CZ5_2,2.12243416663316,0.8356843246748042,10.544854943333334,0.4373817537520098,Intermediate,20,-0.6106948988735208,-1.3776367992364535,CZ5_2,CZ5_2_15485AAG_ACCACTGTTA-GTATCTTGCT_R1.fastq.gz,CZ5_2_15485AAG_ACCACTGTTA-GTATCTTGCT_R2.fastq.gz,Cozumel,2024_sep_28,Under restoration,Rizophora mangle,C1 camas,Advanced restoration,2014,20.549906,-86.810249,20,1.08970988666667,0.164097316,0.18927095,-0.167224844666667,0.174188096,0.106344039,0.0954151526666667,0.841854602666667,0.310827387666667,0.116791801,30.4,51.0333333333333,6.14666666666667,5.33333333333333,4.99275362266667,2.688172043,4.56666666666667,1085.7413803,0.0984035176666667,443.110348766667,1924383,Advanced restoration,Intermediate,20,Cozumel,20,Cozumel,2.12243416663316
CZ5_3,CZ5_3,CZ5_3_15486AAG_AGTCGCATGG-AGAAGGAGGT_R1.fastq.gz,CZ5_3_15486AAG_AGTCGCATGG-AGAAGGAGGT_R2.fastq.gz,Cozumel,2024_sep_28,Under restoration,Rizophora mangle,C1 camas,Advanced restoration,2014,20.549906,-86.810249,5,1.08970988666667,0.164097316,0.18927095,-0.167224844666667,0.174188096,0.106344039,0.0954151526666667,0.841854602666667,0.310827387666667,0.116791801,31.3,42.6666666666667,6.47,-1.33333333333333,1.275362319,2.956989247,3.53333333333333,840.062673733333,0.05263444,223.504340166667,2357403,Advanced restoration,20.54991,3.01698258768653,-1.41527627702106,-0.360711779957849,CZ5_3,3.01698258768653,0.927464124803744,3.044854943333335,0.02310507860721043,Intermediate,5,1.2373349147091688,-1.5988848807754183,CZ5_3,CZ5_3_15486AAG_AGTCGCATGG-AGAAGGAGGT_R1.fastq.gz,CZ5_3_15486AAG_AGTCGCATGG-AGAAGGAGGT_R2.fastq.gz,Cozumel,2024_sep_28,Under restoration,Rizophora mangle,C1 camas,Advanced restoration,2014,20.549906,-86.810249,5,1.08970988666667,0.164097316,0.18927095,-0.167224844666667,0.174188096,0.106344039,0.0954151526666667,0.841854602666667,0.310827387666667,0.116791801,31.3,42.6666666666667,6.47,-1.33333333333333,1.275362319,2.956989247,3.53333333333333,840.062673733333,0.05263444,223.504340166667,2357403,Advanced restoration,Intermediate,5,Cozumel,5,Cozumel,3.01698258768653
CZ6_1,CZ6_1,CZ6_1_15487AAG_ACACTCTCAA-TGCATCGTGC_R1.fastq.gz,CZ6_1_15487AAG_ACACTCTCAA-TGCATCGTGC_R2.fastq.gz,Cozumel,2024_sep_28,Under restoration,Rizophora mangle,NA,Early restoration,2023,20.54906,-86.786705,40,1.22536170366667,0.0712438673333333,0.186907612666667,-0.118153743333333,0.148964364,0.0382888666666667,0.0444363066666667,0.804420750333333,0.176554550666667,0.117676230333333,31.6666666666667,28.9333333333333,6.40666666666667,-62,2.956521739,4.623655914,10.133333333333301,6023.090868,2.84912509566667,1476.1682,1688087,Early restoration,20.54906,-1.24147059362433,-2.40711676209831,1.2117445457297,CZ6_1,-1.24147059362433,0.4905509598585453,20.612680851833336,0.99349714619335,Intermediate,40,-2.8382533195391964,0.6555271022143272,NA,NA,NA,NA,NA,NA,NA,NA,NA,NA,NA,NA,NA,NA,NA,NA,NA,NA,NA,NA,NA,NA,NA,NA,NA,NA,NA,NA,NA,NA,NA,NA,NA,NA,NA,Intermediate,40,Cozumel,40,Cozumel,-1.24147059362433
CZ6_2,CZ6_2,CZ6_2_15488AAG_TAGTACAGGC-GCTCCTAGTC_R1.fastq.gz,CZ6_2_15488AAG_TAGTACAGGC-GCTCCTAGTC_R2.fastq.gz,Cozumel,2024_sep_28,Under restoration,Rizophora mangle,NA,Early restoration,2023,20.54906,-86.786705,20,1.22536170366667,0.0712438673333333,0.186907612666667,-0.118153743333333,0.148964364,0.0382888666666667,0.0444363066666667,0.804420750333333,0.176554550666667,0.117676230333333,31.7333333333333,28.9,6.34,-56,1.49275362333333,3.65591397866667,9.46666666666667,4438.06695533333,2.63172197566667,1695.77420866667,1984007,Early restoration,20.54906,-0.246637098383368,-2.24037037868757,0.644969249614347,CZ6_2,-0.246637098383368,0.5926199113047661,10.612680851833336,0.44112824600028394,Intermediate,20,1.090972352300542,-0.976407036539186,NA,NA,NA,NA,NA,NA,NA,NA,NA,NA,NA,NA,NA,NA,NA,NA,NA,NA,NA,NA,NA,NA,NA,NA,NA,NA,NA,NA,NA,NA,NA,NA,NA,NA,NA,Intermediate,20,Cozumel,20,Cozumel,-0.246637098383368
CZ6_3,CZ6_3,CZ6_3_15489AAG_GTGTCTGGAT-CAATGATTGG_R1.fastq.gz,CZ6_3_15489AAG_GTGTCTGGAT-CAATGATTGG_R2.fastq.gz,Cozumel,2024_sep_28,Under restoration,Rizophora mangle,NA,Early restoration,2023,20.54906,-86.786705,5,1.22536170366667,0.0712438673333333,0.186907612666667,-0.118153743333333,0.148964364,0.0382888666666667,0.0444363066666667,0.804420750333333,0.176554550666667,0.117676230333333,31.8333333333333,24.6,7.09333333333333,111,1.224637681,2.365591398,1.03333333333333,245.678706466667,0.010298043,7.06897447866667,2144564,Early restoration,20.54906,3.72396661396875,-0.84920283413251,-2.93846251758655,CZ6_3,3.72396661396875,1,3.112680851833335,0.02685157085548448,Intermediate,5,-1.2170538488501883,-0.6093844056406429,NA,NA,NA,NA,NA,NA,NA,NA,NA,NA,NA,NA,NA,NA,NA,NA,NA,NA,NA,NA,NA,NA,NA,NA,NA,NA,NA,NA,NA,NA,NA,NA,NA,NA,NA,Intermediate,5,Cozumel,5,Cozumel,3.72396661396875
TX1_1,TX1_1,TX1_1_15514AAG_AAGTGAGGTT-TCAGATTGGT_R1.fastq.gz,TX1_1_15514AAG_AAGTGAGGTT-TCAGATTGGT_R2.fastq.gz,Tuxpan,2024_oct_03,Conserved,Rizophora mangle,NA,NA,Preserved,21.005525,-97.33949,40,0.253128442666667,0.443104841333333,0.0819952446666667,-0.406064517333333,0.0751845856666667,-0.125964360666667,0.0445578083333333,0.064386447,0.294390406333333,0.0370934413333333,28.7666666666667,51.6666666666667,6.62,-107.333333333333,3.41304347833333,6.612903226,9.7,5765.524482,6.17882550833333,1815.32304166667,2241069,Conserved,21.00552,-4.66744997735565,1.55221965524901,1.98878911200147,TX1_1,-4.66744997735565,0.139048798897301,20.126564221333332,0.9666455753378654,Preserved,40,-1.3176560013500829,3.5961496875383085,NA,NA,NA,NA,NA,NA,NA,NA,NA,NA,NA,NA,NA,NA,NA,NA,NA,NA,NA,NA,NA,NA,NA,NA,NA,NA,NA,NA,NA,NA,NA,NA,NA,NA,NA,Preserved,40,Tuxpan,40,Tuxpan,-4.66744997735565
TX1_2,TX1_2,TX1_2_15515AAG_AACCATCAAG-CCATTGCTCA_R1.fastq.gz,TX1_2_15515AAG_AACCATCAAG-CCATTGCTCA_R2.fastq.gz,Tuxpan,2024_oct_03,Conserved,Rizophora mangle,NA,NA,Preserved,21.005525,-97.33949,20,0.253128442666667,0.443104841333333,0.0819952446666667,-0.406064517333333,0.0751845856666667,-0.125964360666667,0.0445578083333333,0.064386447,0.294390406333333,0.0370934413333333,28.7333333333333,49.9333333333333,6.65333333333333,-105.333333333333,1.652173913,6.29032258066667,14.1,8380.813938,10.6184260566667,2523.51993366667,3396212,Conserved,21.00552,-6.022714243874,0.9407476163602,2.85692341068611,TX1_2,-6.022714243874,0,10.126564221333334,0.4142766751447995,Preserved,20,2.402139759270315,3.041366953085645,NA,NA,NA,NA,NA,NA,NA,NA,NA,NA,NA,NA,NA,NA,NA,NA,NA,NA,NA,NA,NA,NA,NA,NA,NA,NA,NA,NA,NA,NA,NA,NA,NA,NA,NA,Preserved,20,Tuxpan,20,Tuxpan,-6.022714243874
TX1_3,TX1_3,TX1_3_15516AAG_AACAGTCTTC-GTGACTTAAG_R1.fastq.gz,TX1_3_15516AAG_AACAGTCTTC-GTGACTTAAG_R2.fastq.gz,Tuxpan,2024_oct_03,Conserved,Rizophora mangle,NA,NA,Preserved,21.005525,-97.33949,5,0.253128442666667,0.443104841333333,0.0819952446666667,-0.406064517333333,0.0751845856666667,-0.125964360666667,0.0445578083333333,0.064386447,0.294390406333333,0.0370934413333333,28.5666666666667,45.05,6.67333333333333,-100,1.43478260833333,4.94623655933333,10.1,3518.753086,3.87892934666667,1348.82270383333,4167795,Conserved,21.00552,-2.79453459827822,2.03271110061457,0.557483395047079,TX1_3,-2.79453459827822,0.33120809972947846,2.6265642213333336,0,Preserved,5,2.4906435526548543,1.3996746499414143,NA,NA,NA,NA,NA,NA,NA,NA,NA,NA,NA,NA,NA,NA,NA,NA,NA,NA,NA,NA,NA,NA,NA,NA,NA,NA,NA,NA,NA,NA,NA,NA,NA,NA,NA,Preserved,5,Tuxpan,5,Tuxpan,-2.79453459827822
TX3_1,TX3_1,TX3_1_15520AAG_AGAGTAATGC-CTTACTCAGT_R1.fastq.gz,TX3_1_15520AAG_AGAGTAATGC-CTTACTCAGT_R2.fastq.gz,Tuxpan,2024_oct_04,Degraded,Rizophora mangle,NA,NA,Degraded,21.045188,-97.357883,40,0.613091832,0.0864854423333333,0.077813938,-0.0917708823333334,0.0730166176666667,-0.0503293056666667,0.051448986,0.105659345,0.0463116033333333,0.0481179433333333,29.5333333333333,89.5666666666667,6.58333333333333,-65.6666666666667,1.579710145,4.73118279533333,4.2,2496.41266233333,2.76815387566667,1031.75840753333,4131945,Degraded,21.04519,-2.13863248702333,-0.123366194290586,-1.05286704982569,TX3_1,-2.13863248702333,0.3985030200024771,20.306545916,0.9765872044116568,Degraded,40,-0.6854754919601977,0.3802147103837337,NA,NA,NA,NA,NA,NA,NA,NA,NA,NA,NA,NA,NA,NA,NA,NA,NA,NA,NA,NA,NA,NA,NA,NA,NA,NA,NA,NA,NA,NA,NA,NA,NA,NA,NA,Degraded,40,Tuxpan,40,Tuxpan,-2.13863248702333
TX3_2,TX3_2,TX3_2_15521AAG_TCGAAGGAGT-TTCCAACTTG_R1.fastq.gz,TX3_2_15521AAG_TCGAAGGAGT-TTCCAACTTG_R2.fastq.gz,Tuxpan,2024_oct_04,Degraded,Rizophora mangle,NA,NA,Degraded,21.045188,-97.357883,20,0.613091832,0.0864854423333333,0.077813938,-0.0917708823333334,0.0730166176666667,-0.0503293056666667,0.051448986,0.105659345,0.0463116033333333,0.0481179433333333,29.6,80.6,6.78,-64,1.60144927533333,5.59139784933333,5.9,3506.86540666667,3.83831501133333,1616.50813463333,3009003,Degraded,21.04519,-3.16710278834659,-0.451691409369139,-0.80143838309354,TX3_2,-3.16710278834659,0.29298296488589937,10.306545916,0.42421830421859047,Degraded,20,0.05619502723966353,-0.04179921792768163,NA,NA,NA,NA,NA,NA,NA,NA,NA,NA,NA,NA,NA,NA,NA,NA,NA,NA,NA,NA,NA,NA,NA,NA,NA,NA,NA,NA,NA,NA,NA,NA,NA,NA,NA,Degraded,20,Tuxpan,20,Tuxpan,-3.16710278834659
TX3_3,TX3_3,TX3_3_15522AAG_CAAGGCTCTG-GTCAAGCACA_R1.fastq.gz,TX3_3_15522AAG_CAAGGCTCTG-GTCAAGCACA_R2.fastq.gz,Tuxpan,2024_oct_04,Degraded,Rizophora mangle,NA,NA,Degraded,21.045188,-97.357883,5,0.613091832,0.0864854423333333,0.077813938,-0.0917708823333334,0.0730166176666667,-0.0503293056666667,0.051448986,0.105659345,0.0463116033333333,0.0481179433333333,29.5,60.8666666666667,6.92666666666667,-78.3333333333333,1.67391304333333,4.35483870966667,13.0333333333333,3098.721749,2.47905349533333,1989.448516,2558287,Degraded,21.04519,-3.46908044367353,-0.750575394391726,-1.00678993304763,TX3_3,-3.46908044367353,0.2620003504214121,2.806545916,0.00994162907379108,Degraded,5,2.5200621399936995,0.2538637712384603,NA,NA,NA,NA,NA,NA,NA,NA,NA,NA,NA,NA,NA,NA,NA,NA,NA,NA,NA,NA,NA,NA,NA,NA,NA,NA,NA,NA,NA,NA,NA,NA,NA,NA,NA,Degraded,5,Tuxpan,5,Tuxpan,-3.46908044367353
TX4_1,TX4_1,TX4_1_15523AAG_CGATCTTCTC-ATCGTGCTAC_R1.fastq.gz,TX4_1_15523AAG_CGATCTTCTC-ATCGTGCTAC_R2.fastq.gz,Tuxpan,2024_oct_04,Under restoration,Rizophora mangle,NA,Advanced restoration,2019,21.015613,-97.341168,40,0.775574479333333,0.340097819666667,0.052910638,-0.309966252666667,0.04599142,-0.084552272,0.046485215,0.001061571,0.226868329333333,0.025406804,29.1,48.1666666666667,6.67666666666667,-48.3333333333333,1.59420289866667,3.70967741933333,5.26666666666667,1252.168891,1.330346901,764.072976666667,4145435,Advanced restoration,21.01561,-1.01010714208106,2.1722875908854,-1.56539454253097,TX4_1,-1.01010714208106,0.51428862552317,20.387787239666668,0.9810747224720552,Intermediate,40,0.0201305123302542,-0.8497943280261177,NA,NA,NA,NA,NA,NA,NA,NA,NA,NA,NA,NA,NA,NA,NA,NA,NA,NA,NA,NA,NA,NA,NA,NA,NA,NA,NA,NA,NA,NA,NA,NA,NA,NA,NA,Intermediate,40,Tuxpan,40,Tuxpan,-1.01010714208106
TX4_2,TX4_2,TX4_2_15524AAG_TTGTACTCGC-GCGGCGTAAT_R1.fastq.gz,TX4_2_15524AAG_TTGTACTCGC-GCGGCGTAAT_R2.fastq.gz,Tuxpan,2024_oct_04,Under restoration,Rizophora mangle,NA,Advanced restoration,2019,21.015613,-97.341168,20,0.775574479333333,0.340097819666667,0.052910638,-0.309966252666667,0.04599142,-0.084552272,0.046485215,0.001061571,0.226868329333333,0.025406804,28.7666666666667,46.4666666666667,6.63666666666667,-49,2.50724637666667,4.94623655933333,10,2377.53586866667,2.99477374333333,910.910130433333,3039992,Advanced restoration,21.01561,-2.55976407973552,1.83853714644535,-0.57741140711795,TX4_2,-2.55976407973552,0.3552953271627836,10.387787239666666,0.428705822278989,Intermediate,20,-0.7853362666446018,-2.3282311587440554,NA,NA,NA,NA,NA,NA,NA,NA,NA,NA,NA,NA,NA,NA,NA,NA,NA,NA,NA,NA,NA,NA,NA,NA,NA,NA,NA,NA,NA,NA,NA,NA,NA,NA,NA,Intermediate,20,Tuxpan,20,Tuxpan,-2.55976407973552
TX4_3,TX4_3,TX4_3_15525AAG_ACGGTACTTA-TAACCTTGTC_R1.fastq.gz,TX4_3_15525AAG_ACGGTACTTA-TAACCTTGTC_R2.fastq.gz,Tuxpan,2024_oct_04,Under restoration,Rizophora mangle,NA,Advanced restoration,2019,21.015613,-97.341168,5,0.775574479333333,0.340097819666667,0.052910638,-0.309966252666667,0.04599142,-0.084552272,0.046485215,0.001061571,0.226868329333333,0.025406804,29.2666666666667,0.775574479333333,6.75,-52,2.10869565233333,5.75268817233333,8,1902.028695,2.68811520066667,1070.74172256667,2939929,Advanced restoration,21.01561,-2.09972395802551,1.96299381762644,-1.55687543577904,TX4_3,-2.09972395802551,0.40249499732945726,2.8877872396666664,0.01442914713418961,Intermediate,5,0.7083893688056241,-0.6252805664984267,NA,NA,NA,NA,NA,NA,NA,NA,NA,NA,NA,NA,NA,NA,NA,NA,NA,NA,NA,NA,NA,NA,NA,NA,NA,NA,NA,NA,NA,NA,NA,NA,NA,NA,NA,Intermediate,5,Tuxpan,5,Tuxpan,-2.09972395802551
TX5_1,TX5_1,TX5_1_15526AAG_ACTCCACTAA-CATAGAACGC_R1.fastq.gz,TX5_1_15526AAG_ACTCCACTAA-CATAGAACGC_R2.fastq.gz,Tuxpan,2024_oct_04,Under restoration,Rizophora mangle,NA,Intermediate restoration,2019,21.013925,-97.340314,40,1.157549873,0.318905857333333,0.0762394243333333,-0.300320964,0.0653522466666667,-0.105266268666667,0.0508414246666667,0,0.197009612333333,0.0316759643333333,28.6666666666667,40.4333333333333,6.79,-48.6666666666667,1.44927536233333,4.62365591366667,7.2,1711.825826,1.76205228566667,506.783096833333,11623734,Intermediate restoration,21.01393,-1.38334221098153,1.93990312438221,-1.40915786954582,TX5_1,-1.38334221098153,0.4759950695584087,20.5787749365,0.9916242888770788,Intermediate,40,0.29464883691931604,-0.3549560012370681,NA,NA,NA,NA,NA,NA,NA,NA,NA,NA,NA,NA,NA,NA,NA,NA,NA,NA,NA,NA,NA,NA,NA,NA,NA,NA,NA,NA,NA,NA,NA,NA,NA,NA,NA,Intermediate,40,Tuxpan,40,Tuxpan,-1.38334221098153
TX5_2,TX5_2,TX5_2_15527AAG_TGATCGAGGC-AATAGTGACG_R1.fastq.gz,TX5_2_15527AAG_TGATCGAGGC-AATAGTGACG_R2.fastq.gz,Tuxpan,2024_oct_04,Under restoration,Rizophora mangle,NA,Intermediate restoration,2019,21.013925,-97.340314,20,1.157549873,0.318905857333333,0.0762394243333333,-0.300320964,0.0653522466666667,-0.105266268666667,0.0508414246666667,0,0.197009612333333,0.0316759643333333,28.4333333333333,34.2666666666667,6.75666666666667,-72.6666666666667,1.68115942033333,4.569892473,9.13333333333334,2171.48276033333,2.122089015,1234.471646,3017749,Intermediate restoration,21.01393,-2.17702955817475,1.62184399105554,-0.915260734548176,TX5_2,-2.17702955817475,0.39456351775433246,10.5787749365,0.4392553886840126,Intermediate,20,-1.1510378894781246,-1.8974821791959309,NA,NA,NA,NA,NA,NA,NA,NA,NA,NA,NA,NA,NA,NA,NA,NA,NA,NA,NA,NA,NA,NA,NA,NA,NA,NA,NA,NA,NA,NA,NA,NA,NA,NA,NA,Intermediate,20,Tuxpan,20,Tuxpan,-2.17702955817475
TX5_3,TX5_3,TX5_3_15528AAG_CAACAGACAA-CTGAGAAGGT_R1.fastq.gz,TX5_3_15528AAG_CAACAGACAA-CTGAGAAGGT_R2.fastq.gz,Tuxpan,2024_oct_04,Under restoration,Rizophora mangle,NA,Intermediate restoration,2019,21.013925,-97.340314,5,1.157549873,0.318905857333333,0.0762394243333333,-0.300320964,0.0653522466666667,-0.105266268666667,0.0508414246666667,0,0.197009612333333,0.0316759643333333,28.1333333333333,30.0333333333333,6.99,-32,1.42028985533333,3.17204301066667,7.36666666666667,1751.4514232,0.863467980333333,832.943500213333,3720072,Intermediate restoration,21.01393,-0.927621960514373,1.96765718851945,-1.98012227685353,TX5_3,-0.927621960514373,0.5227515251266094,3.0787749365,0.02497871353921313,Intermediate,5,0.6835486592961886,0.09834601492540372,NA,NA,NA,NA,NA,NA,NA,NA,NA,NA,NA,NA,NA,NA,NA,NA,NA,NA,NA,NA,NA,NA,NA,NA,NA,NA,NA,NA,NA,NA,NA,NA,NA,NA,NA,Intermediate,5,Tuxpan,5,Tuxpan,-0.927621960514373
TX6_1,TX6_1,TX6_1_15529AAG_TGTTAACCAG-CGTTAATCCA_R1.fastq.gz,TX6_1_15529AAG_TGTTAACCAG-CGTTAATCCA_R2.fastq.gz,Tuxpan,2024_oct_05,Under restoration,Rizophora mangle,NA,Early restoration,2019,21.01265,-97.339472,40,1.460814996,0.253182852666667,0.074481874,-0.245841594,0.0670485096666667,-0.0611933166666667,0.0496313213333333,0.0434991286666667,0.179846323666667,0.0371076013333333,28.6,49.6333333333333,6.84333333333333,-59.6666666666667,1.29710144933333,4.139784946,3.33333333333333,1981.27989066667,2.112197173,714.694110933333,2811166,Early restoration,21.01265,-1.17644446523666,1.43432305692925,-1.73239827839158,TX6_1,-1.17644446523666,0.4972225775442055,20.730407498,1,Intermediate,40,-3.4541733826492163,-0.7597465678023543,NA,NA,NA,NA,NA,NA,NA,NA,NA,NA,NA,NA,NA,NA,NA,NA,NA,NA,NA,NA,NA,NA,NA,NA,NA,NA,NA,NA,NA,NA,NA,NA,NA,NA,NA,Intermediate,40,Tuxpan,40,Tuxpan,-1.17644446523666
TX6_2,TX6_2,TX6_2_15530AAG_AGTCCTAGAG-CTTATCCAGA_R1.fastq.gz,TX6_2_15530AAG_AGTCCTAGAG-CTTATCCAGA_R2.fastq.gz,Tuxpan,2024_oct_05,Under restoration,Rizophora mangle,NA,Early restoration,2019,21.01265,-97.339472,20,1.460814996,0.253182852666667,0.074481874,-0.245841594,0.0670485096666667,-0.0611933166666667,0.0496313213333333,0.0434991286666667,0.179846323666667,0.0371076013333333,28.5333333333333,43.0333333333333,6.92666666666667,-64.3333333333333,1.36956521733333,3.494623656,4,2377.535869,1.75216044333333,984.978429233333,2474070,Early restoration,21.01265,-1.23343886941388,1.31440196077395,-1.81932449359916,TX6_2,-1.23343886941388,0.4913750069703358,10.730407498,0.44763109980693383,Intermediate,20,-0.7668690927192492,-1.7496854349971995,NA,NA,NA,NA,NA,NA,NA,NA,NA,NA,NA,NA,NA,NA,NA,NA,NA,NA,NA,NA,NA,NA,NA,NA,NA,NA,NA,NA,NA,NA,NA,NA,NA,NA,NA,Intermediate,20,Tuxpan,20,Tuxpan,-1.23343886941388
TX6_3,TX6_3,TX6_3_15531AAG_AACCGTTGCT-GACTCTTACT_R1.fastq.gz,TX6_3_15531AAG_AACCGTTGCT-GACTCTTACT_R2.fastq.gz,Tuxpan,2024_oct_05,Under restoration,Rizophora mangle,NA,Early restoration,2019,21.01265,-97.339472,5,1.460814996,0.253182852666667,0.074481874,-0.245841594,0.0670485096666667,-0.0611933166666667,0.0496313213333333,0.0434991286666667,0.179846323666667,0.0371076013333333,27.7666666666667,31.1,6.85666666666667,-69,1.41304347833333,5.376344086,10.4333333333333,2480.56242333333,2.82925559466667,1429.388222,514395,Early restoration,21.01265,-2.77067403030971,1.07375333233159,-1.0645010730412,TX6_3,-2.77067403030971,0.33365617085405114,3.230407498,0.03335442466213437,Intermediate,5,-1.0152097317084434,-0.16264033268413244,NA,NA,NA,NA,NA,NA,NA,NA,NA,NA,NA,NA,NA,NA,NA,NA,NA,NA,NA,NA,NA,NA,NA,NA,NA,NA,NA,NA,NA,NA,NA,NA,NA,NA,NA,Intermediate,5,Tuxpan,5,Tuxpan,-2.77067403030971
