sample_id,sample_id_for_matrix,restoration4,depth_cm,locality,id_metagenomics,r1_filename,r2_filename,sampling,condition,plant_association,name_site,id_proyect,year_res,latitude,longitude,shdi,ndvi_p50,ndvi_sd,ndwi_p50,ndwi_sd,mndwi_p50,mndwi_sd,water_prop_mndwi,ndmi_p50,ndmi_sd,temperature_c,salinity_ups,ph,redox_shallow_mv,n_no2_umol_l,n_no3_umol_l,n_nh3_mg_l_campo,n_nh4plus_umol_l,p_po4_3_umol_l,s_2_umol,total_reads_rank,lat_block,ECI_PC1,ECI_PC2,ECI_PC3,vegetation_landscape_PC1,vegetation_landscape_pc2,water_inundation_PC1,water_inundation_pc2,moisture_stress_PC1,moisture_stress_pc2,physicochemical_PC1,physicochemical_pc2,nutrients_redox_PC1,nutrients_redox_pc2,HI,RBMA1,MHI_local
CC1_1,CC1_1,Intermediate restoration,5,Carmen,CC1_1,CC1_1_15493AAG_TCCGAATACG-CGGAGAACCT_R1.fastq.gz,CC1_1_15493AAG_TCCGAATACG-CGGAGAACCT_R2.fastq.gz,2024_sep_03,Under restoration,Rizophora mangle,Canal 15,Intermediate restoration,2018,18.69209,-91.640456,0.912574429,0.177373012,0.144609412666667,-0.165680658666667,0.122352852333333,-0.0088817016666666,0.022402475,0.327545169333333,0.157766734333333,0.110361513,34.4333333333333,37.8333333333333,6.95333333333333,20.33,1.123188406,2.311827957,1.63333333333333,388.3308586,0,48.6511772943333,2676418,18.69209,-2.533025861509874,-1.293971613877449,-2.2133352060634195,0.13691477182322287,-0.27930714414230784,0.3836562985476683,0.7987473129484114,-0.15054403757292747,-0.5973534170861701,-1.7184155826486718,-0.7402093366805285,-2.8203825304478753,0.06148021840790991,-4.311725757066036,-4.311725757066036,-0.131186280530959
CC1_2,CC1_2,Intermediate restoration,20,Carmen,CC1_2,CC1_2_15494AAG_CGCTGAATAA-TACTTGGTCT_R1.fastq.gz,CC1_2_15494AAG_CGCTGAATAA-TACTTGGTCT_R2.fastq.gz,2024_sep_03,Under restoration,Rizophora mangle,Canal 15,Intermediate restoration,2018,18.69209,-91.640456,0.912574429,0.177373012,0.144609412666667,-0.165680658666667,0.122352852333333,-0.0088817016666666,0.022402475,0.327545169333333,0.157766734333333,0.110361513,33.5666666666667,43,6.72,-59.3,1.56521739133333,4.78494623666667,5.73333333333333,1363.120565,3.07797048433333,900.5145796,2245098,18.69209,-0.02193485027853466,0.4175577136930769,-0.5318981025953421,0.13691477182322287,-0.27930714414230784,0.3836562985476683,0.7987473129484114,-0.15054403757292747,-0.5973534170861701,0.02779504561551539,-0.6101977269825671,0.09900713634885776,0.138616548009247,18.75901081072941,18.75901081072941,0.0208708376847955
CC1_3,CC1_3,Intermediate restoration,40,Carmen,CC1_3,CC1_3_15495AAG_CCATACCGCA-TTATCCGCCG_R1.fastq.gz,CC1_3_15495AAG_CCATACCGCA-TTATCCGCCG_R2.fastq.gz,2024_sep_03,Under restoration,Rizophora mangle,Canal 15,Intermediate restoration,2018,18.69209,-91.640456,0.912574429,0.177373012,0.144609412666667,-0.165680658666667,0.122352852333333,-0.0088817016666666,0.022402475,0.327545169333333,0.157766734333333,0.110361513,33.8,48.5666666666667,6.75666666666667,-82.3333333333333,1.891304348,3.60215053766667,7.7,2389.42354833333,1.33874552666667,1548.93705493333,1788860,18.69209,0.2137577981899738,0.937424601710722,-0.2770774912968787,0.13691477182322287,-0.27930714414230784,0.3836562985476683,0.7987473129484114,-0.15054403757292747,-0.5973534170861701,0.6075007098818166,-0.4389099735359021,0.4222349191187901,-0.3230738416895858,12.826749733857016,12.826749733857016,-0.0815634069493372
CC2_1,CC2_1,Early restoration,5,Carmen,CC2_1,CC2_1_15496AAG_ATACAGACTC-CGCATATACT_R1.fastq.gz,CC2_1_15496AAG_ATACAGACTC-CGCATATACT_R2.fastq.gz,2024_sep_03,Under restoration,Rizophora mangle,Canal 10,Early restoration,2021,18.684737,-91.647542,0.970972158,0.13173486,0.175673067,-0.124722775666667,0.146891763333333,-0.006173034,0.0316068286666667,0.394588091,0.124020192,0.132331356666667,33.4333333333333,36.4,6.77333333333333,-14.6666666666667,1.01449275366667,2.04301075266667,2,475.5071738,0,82.904516873333307,2770359,18.68474,-2.8726712599642523,-0.6395496496711145,-1.5974855590463184,0.7101810100869274,-0.30744625574727624,-0.1180199864232445,0.5397710104521349,-0.03135567176087826,-1.1494344391130589,-1.0341644941003494,-0.6824982956119156,-2.849961057129457,0.22124436393371277,-2.095611831853453,-2.095611831853453,0.14330071434978
CC2_2,CC2_2,Early restoration,20,Carmen,CC2_2,CC2_2_15497AAG_GACCGCGTTA-TACCATGGAA_R1.fastq.gz,CC2_2_15497AAG_GACCGCGTTA-TACCATGGAA_R2.fastq.gz,2024_sep_03,Under restoration,Rizophora mangle,Canal 10,Early restoration,2021,18.684737,-91.647542,0.970972158,0.13173486,0.175673067,-0.124722775666667,0.146891763333333,-0.006173034,0.0316068286666667,0.394588091,0.124020192,0.132331356666667,32.7,40.7666666666667,6.46,-69,1.18115942033333,3.27956989266667,3.73333333333333,887.613391066667,1.224322832,601.382608266667,1659685,18.68474,-1.6023736575389862,0.22922837703633253,-0.37746413287370983,0.7101810100869274,-0.30744625574727624,-0.1180199864232445,0.5397710104521349,-0.03135567176087826,-1.1494344391130589,0.35270857313809223,-1.0474657125256304,-1.472126537711887,0.28686367184867206,0.8123330134602373,0.8123330134602373,0.36378767345264
CC2_3,CC2_3,Early restoration,40,Carmen,CC2_3,CC2_3_15498AAG_AACACCAATG-ATGGTGAGTA_R1.fastq.gz,CC2_3_15498AAG_AACACCAATG-ATGGTGAGTA_R2.fastq.gz,2024_sep_03,Under restoration,Rizophora mangle,Canal 10,Early restoration,2021,18.684737,-91.647542,0.970972158,0.13173486,0.175673067,-0.124722775666667,0.146891763333333,-0.006173034,0.0316068286666667,0.394588091,0.124020192,0.132331356666667,32.3333333333333,46.4,6.46666666666667,-92.6666666666667,1.71014492766667,3.27956989266667,5,2971.919836,2.90633644266667,1224.07609536667,1697040,18.68474,-0.4399453733149603,1.2506988502683414,0.4167450114768767,0.7101810100869274,-0.30744625574727624,-0.1180199864232445,0.5397710104521349,-0.03135567176087826,-1.1494344391130589,0.9828326860669396,-0.7478672344486922,0.13093169753404696,0.10715488422642834,8.646382566647766,8.646382566647766,0.230055064405845
CC3_1,CC3_1,Advanced restoration,5,Carmen,CC3_1,CC3_1_15499AAG_ACCGTGCTTC-ATTGAGGTGA_R1.fastq.gz,CC3_1_15499AAG_ACCGTGCTTC-ATTGAGGTGA_R2.fastq.gz,2024_sep_04,Under restoration,Rizophora mangle,Canal 9,Advanced restoration,2012,18.671669,-91.672163,1.20506765633333,0.471026278,0.178270206333333,-0.418655286666667,0.159243877666667,-0.066794407,0.0462308616666667,0.133143655666667,0.362150592666667,0.129331235,31.7,33.9,6.89,18.6666666666667,1.086956522,3.11827956966667,2.3,546.833249866667,0.0572113473333333,17.2566141686667,2039334,18.67167,-2.126329557915343,-3.0793300884609067,0.14737471251798973,0.4202834956713205,1.5607319574258984,1.0078340882944616,-1.0653333576904511,1.4501514829273998,0.4237388132125637,-1.7749537158003006,0.10045059734131528,-2.4433877214107613,0.06724625652404669,3.5714550636946902,3.5714550636946902,0.125457125958845
CC3_2,CC3_2,Advanced restoration,20,Carmen,CC3_2,CC3_2_15500AAG_CATCTAGACA-GACAGTTATC_R1.fastq.gz,CC3_2_15500AAG_CATCTAGACA-GACAGTTATC_R2.fastq.gz,2024_sep_04,Under restoration,Rizophora mangle,Canal 9,Advanced restoration,2012,18.671669,-91.672163,1.20506765633333,0.471026278,0.178270206333333,-0.418655286666667,0.159243877666667,-0.066794407,0.0462308616666667,0.133143655666667,0.362150592666667,0.129331235,31.6666666666667,46.8333333333333,6.48333333333333,-47,1.304347826,5,5.03333333333333,1196.69305426667,1.02980425133333,304.0698581,274696,18.67167,-0.6529039376749907,-2.0020669141586453,1.8167894898853612,0.4202834956713205,1.5607319574258984,1.0078340882944616,-1.0653333576904511,1.4501514829273998,0.4237388132125637,0.26783133280616295,-0.7953089785054703,-0.8373558383567257,-0.04987412825604585,10.378068701941997,10.378068701941997,0.326441320368578
CC3_3,CC3_3,Advanced restoration,40,Carmen,CC3_3,CC3_3_15501AAG_ATTGTTCTCG-GCAGTAGTAA_R1.fastq.gz,CC3_3_15501AAG_ATTGTTCTCG-GCAGTAGTAA_R2.fastq.gz,2024_sep_04,Under restoration,Rizophora mangle,Canal 9,Advanced restoration,2012,18.671669,-91.672163,1.20506765633333,0.471026278,0.178270206333333,-0.418655286666667,0.159243877666667,-0.066794407,0.0462308616666667,0.133143655666667,0.362150592666667,0.129331235,31.3666666666667,52.2333333333333,6.57,-69.6666666666667,1.66666666633333,4.40860215066667,4.53333333333333,2694.54065133333,1.63624453266667,490.1502157,1499057,18.67167,-0.18354460416934165,-1.547107791128114,2.0636093200675383,0.4202834956713205,1.5607319574258984,1.0078340882944616,-1.0653333576904511,1.4501514829273998,0.4237388132125637,0.7899805462836837,-0.2664824827368013,-0.36596717432455966,-0.29360893554864587,-7.343124583692447,-7.343124583692447,0.248755342015435
CC4_1,CC4_1,Degraded,5,Carmen,CC4_1,CC4_1_15502AAG_TACGGCAGAA-ATGTAGCGGC_R1.fastq.gz,CC4_1_15502AAG_TACGGCAGAA-ATGTAGCGGC_R2.fastq.gz,2024_sep_04,Degraded,Rizophora mangle,Deg canal prin,LT1_DEG,Degraded,18.682913,-91.657263,0.568886743666667,-0.138175773333333,0.183702022666667,0.124720098,0.161743535,0.0915628476666667,0.0563991833333333,0.84304641,-0.0240113413333333,0.116753231333333,33.6666666666667,46.5333333333333,6.81,-96.6666666666667,1.52173913033333,5.16129032266667,9.43333333333334,2242.80883633333,2.27701162233333,714.6941109,4254914,18.68291,-0.7950257313576571,3.815592084433664,-1.3835698605137097,0.6443126930267044,-2.048661264398831,-2.3068479116027953,1.167208491540873,-1.218800412668002,-1.8609031642212588,0.690533771667397,-0.09520046367311034,0.6628922563841233,0.03064745013290941,-14.264346670040569,-14.264346670040569,-0.489864315189394
CC4_2,CC4_2,Degraded,20,Carmen,CC4_2,CC4_2_15503AAG_AGAAGTCTGT-GAGGCATGCT_R1.fastq.gz,CC4_2_15503AAG_AGAAGTCTGT-GAGGCATGCT_R2.fastq.gz,2024_sep_04,Degraded,Rizophora mangle,Deg canal prin,LT1_DEG,Degraded,18.682913,-91.657263,0.568886743666667,-0.138175773333333,0.183702022666667,0.124720098,0.161743535,0.0915628476666667,0.0563991833333333,0.84304641,-0.0240113413333333,0.116753231333333,33.8333333333333,57.6666666666667,6.67333333333333,-116.333333333333,2.39130434766667,5.64516129033333,10.7333333333333,4798.65989566667,4.302293317,2445.55330333333,1845136,18.68291,0.9392255012997986,5.5685550524681675,0.15244977683321195,0.6443126930267044,-2.048661264398831,-2.3068479116027953,1.167208491540873,-1.218800412668002,-1.8609031642212588,1.6456872825519766,-0.5234636310504454,3.441910461999109,-0.29121175043506464,12.810421725053027,12.810421725053027,-0.90392222245325
CC4_3,CC4_3,Degraded,40,Carmen,CC4_3,CC4_3_15504AAG_CATTCTAGGT-CTTGTCAATG_R1.fastq.gz,CC4_3_15504AAG_CATTCTAGGT-CTTGTCAATG_R2.fastq.gz,2024_sep_04,Degraded,Rizophora mangle,Deg canal prin,LT1_DEG,Degraded,18.682913,-91.657263,0.568886743666667,-0.138175773333333,0.183702022666667,0.124720098,0.161743535,0.0915628476666667,0.0563991833333333,0.84304641,-0.0240113413333333,0.116753231333333,33.9666666666667,59.2,6.71,-110.333333333333,2.31884057966667,6.34408602133333,9.1,5408.894102,4.130659275,3051.09413166667,1924162,18.68291,1.2263248343803923,5.818612841651498,0.2679136395579769,0.6443126930267044,-2.048661264398831,-2.3068479116027953,1.167208491540873,-1.218800412668002,-1.8609031642212588,1.581574174481954,-0.5086754170859511,3.9368408585286176,-0.1531032715446114,13.568629136207427,13.568629136207427,-1
CC5_1,CC5_1,Conserved,5,Carmen,CC5_1,CC5_1_15505AAG_CTCGCTGAGT-TCTCCGTTGT_R1.fastq.gz,CC5_1_15505AAG_CTCGCTGAGT-TCTCCGTTGT_R2.fastq.gz,2024_sep_05,Conserved,Rizophora mangle,Ref Rm,NA,Preserved,18.705414,-91.643521,0.994804631,0.548895011,0.243684106333333,-0.47798653,0.217676297666667,-0.119171300333333,0.0461568073333333,0.013858234,0.378126095333333,0.189567921333333,31.4333333333333,37.7333333333333,6.54333333333333,-9.66666666666667,1.036231884,3.60215053766667,2.93333333333333,546.833249866667,0.270037559666667,73.4965434866667,3213264,18.70541,-2.627917189594369,-3.011733486650331,2.4862657071728096,0.5963859279067333,1.8498464404935844,1.1979261845908449,-2.071538026732115,2.4728561403856117,-0.3940358779270142,-0.7974451757867692,-0.7379208881968249,-2.135402057814151,0.15372933785282483,-25.922913765917865,-25.922913765917865,0.861183886107874
CC5_2,CC5_2,Conserved,20,Carmen,CC5_2,CC5_2_15506AAG_TCTCGCATCG-CACTGTCTGG_R1.fastq.gz,CC5_2_15506AAG_TCTCGCATCG-CACTGTCTGG_R2.fastq.gz,2024_sep_05,Conserved,Rizophora mangle,Ref Rm,NA,Preserved,18.705414,-91.643521,0.994804631,0.548895011,0.243684106333333,-0.47798653,0.217676297666667,-0.119171300333333,0.0461568073333333,0.013858234,0.378126095333333,0.189567921333333,30.8666666666667,38.1,6.44666666666667,-19.3333333333333,1.02173913033333,4.19354838733333,2.56666666666667,610.234206333333,0.163624453333333,232.860335773333,1953779,18.70541,-2.345561138194209,-2.9306989261705385,2.765658949254054,0.5963859279067333,1.8498464404935844,1.1979261845908449,-2.071538026732115,2.4728561403856117,-0.3940358779270142,-0.5229697420000609,-0.7721939517038732,-1.8970301540518169,0.1482924335920078,-13.172470149270342,-13.172470149270342,0.903754151686374
CC5_3,CC5_3,Conserved,40,Carmen,CC5_3,CC5_3_15507AAG_GCCTTCACAT-TCTTGGAGTT_R1.fastq.gz,CC5_3_15507AAG_GCCTTCACAT-TCTTGGAGTT_R2.fastq.gz,2024_sep_05,Conserved,Rizophora mangle,Ref Rm,NA,Preserved,18.705414,-91.643521,0.994804631,0.548895011,0.243684106333333,-0.47798653,0.217676297666667,-0.119171300333333,0.0461568073333333,0.013858234,0.378126095333333,0.189567921333333,30.4666666666667,36.8666666666667,6.45,-17,1.28985507266667,4.623655914,2.6,618.159325933333,0.389037161666667,260.928322666667,1735102,18.70541,-2.112872726106989,-2.867793911640867,2.868105424258367,0.5963859279067333,1.8498464404935844,1.1979261845908449,-2.071538026732115,2.4728561403856117,-0.3940358779270142,-0.614839813748909,-0.6234784389509359,-1.599363499083613,-0.15783903862264256,-12.96987345044505,-12.96987345044505,0.915062064320763
CC6_1,CC6_1,Intermediate restoration,5,Carmen,CC6_1,CC6_1_15508AAG_GTACACCATG-ATTCAGCCTC_R1.fastq.gz,CC6_1_15508AAG_GTACACCATG-ATTCAGCCTC_R2.fastq.gz,2024_sep_05,Under restoration,Rizophora mangle,CONAFOR T2,Intermediate restoration,2018,18.713877,-91.616237,0.862157451333333,0.115846076666667,0.138035191333333,-0.0914749986666667,0.124365419333333,0.047186398,0.0417407636666667,0.838046430333333,0.138651279333333,0.0928548843333333,31.7666666666667,36.1333333333333,6.57,-7.66666666666667,1.31884057966667,3.33333333366667,3.8,903.4636302,0.583555742333333,386.714486233333,2548649,18.71388,-1.8935695487149975,0.1376426008167616,-1.5935250089976505,0.10384910781117228,-0.6487567964675399,-1.0656489103441584,1.029844358988546,-0.5405981788685299,-0.4525078073186021,-0.932872205026292,-0.7791559774449306,-1.6601635836624549,-0.0404039875863811,-3.975328652815717,-3.975328652815717,-0.0522245208303134
CC6_2,CC6_2,Intermediate restoration,20,Carmen,CC6_2,CC6_2_15509AAG_TGTGGTACAA-TGCCTAATGT_R1.fastq.gz,CC6_2_15509AAG_TGTGGTACAA-TGCCTAATGT_R2.fastq.gz,2024_sep_05,Under restoration,Rizophora mangle,CONAFOR T2,Intermediate restoration,2018,18.713877,-91.616237,0.862157451333333,0.115846076666667,0.138035191333333,-0.0914749986666667,0.124365419333333,0.047186398,0.0417407636666667,0.838046430333333,0.138651279333333,0.0928548843333333,32.9333333333333,40.0333333333333,6.79666666666667,-68,1.62318840566667,3.65591397833333,5.76666666666667,1371.0456847,1.842205383,851.1357138333332,2333362,18.71388,-0.8211392255783846,1.193376364527826,-1.4058477194992742,0.10384910781117228,-0.6487567964675399,-1.0656489103441584,1.029844358988546,-0.5405981788685299,-0.4525078073186021,-0.03882508501118258,-0.04273790895802328,-0.5216055156557621,-0.08923537640595867,1.5841603024632795,1.5841603024632795,-0.158382652832806
CC6_3,CC6_3,Intermediate restoration,40,Carmen,CC6_3,CC6_3_15510AAG_GTATGTTCCT-ATTGGAGCGA_R1.fastq.gz,CC6_3_15510AAG_GTATGTTCCT-ATTGGAGCGA_R2.fastq.gz,2024_sep_05,Under restoration,Rizophora mangle,CONAFOR T2,Intermediate restoration,2018,18.713877,-91.616237,0.862157451333333,0.115846076666667,0.138035191333333,-0.0914749986666667,0.124365419333333,0.047186398,0.0417407636666667,0.838046430333333,0.138651279333333,0.0928548843333333,33.0666666666667,46.2333333333333,6.87333333333333,-90.6666666666667,1.62318840566667,4.892473118,5.03333333333333,2991.732635,2.437203395,1060.3461717,2180202,18.71388,0.04584718120752151,1.780946663051198,-0.9817982963261496,0.10384910781117228,-0.6487567964675399,-1.0656489103441584,1.029844358988546,-0.5405981788685299,-0.4525078073186021,0.5247185498864518,0.28857111684523123,0.4476852717946754,-0.00155299164098787,1.0981838070466594,1.0981838070466594,-0.263644507291428
CZ1_1,CZ1_1,Degraded,40,Cozumel,CZ1_1,CZ1_1_15472AAG_TGAAGTCAAC-ACTGGCTTGA_R1.fastq.gz,CZ1_1_15472AAG_TGAAGTCAAC-ACTGGCTTGA_R2.fastq.gz,2024_sep_24,Degraded,Rizophora mangle,C9 Met carbono,Coz0_Deg,Degraded,20.54319,-86.879487,1.18634664766667,0.361794592666667,0.190101340333333,-0.336772046666667,0.176855224666667,-0.0977105686666667,0.0735422103333333,0.171217761333333,0.273959607333333,0.13966968,30.6666666666667,87.9666666666667,6.47,-32,1.67391304366667,3.33333333333333,8.5,5052.26372166667,1.716340419,1013.5661937,2365165,20.54319,0.05640333681025282,0.06910247571921044,2.946234756910666,0.7680767926843538,1.076507755340996,0.4105950916378091,-1.4707264056098874,1.0424460211589568,-0.29984880737550823,1.926855074312242,-0.8462476728092894,0.7753544841986412,-0.04960580163662815,-1.7875019533141985,-1.7875019533141985,-0.985563302790161
CZ1_2,CZ1_2,Degraded,20,Cozumel,CZ1_2,CZ1_2_15473AAG_TACGAACAAG-CAATGTGCCA_R1.fastq.gz,CZ1_2_15473AAG_TACGAACAAG-CAATGTGCCA_R2.fastq.gz,2024_sep_24,Degraded,Rizophora mangle,C9 Met carbono,Coz0_Deg,Degraded,20.54319,-86.879487,1.18634664766667,0.361794592666667,0.190101340333333,-0.336772046666667,0.176855224666667,-0.0977105686666667,0.0735422103333333,0.171217761333333,0.273959607333333,0.13966968,31.4666666666667,81.8333333333333,6.56,-53,1.81884057966667,4.139784946,9.86666666666667,5864.58847666667,1.07557332933333,1595.717033,2616931,20.54319,0.6979536230758558,0.6791092721701638,3.123812760167136,0.7680767926843538,1.076507755340996,0.4105950916378091,-1.4707264056098874,1.0424460211589568,-0.29984880737550823,1.8812602991675296,-0.651251278204342,1.7320261134380552,-0.241924207988953,-5.926741850580345,-5.926741850580345,-0.991639269918454
CZ1_3,CZ1_3,Degraded,5,Cozumel,CZ1_3,CZ1_3_15474AAG_ATGGTGACCA-CTTGGCGATT_R1.fastq.gz,CZ1_3_15474AAG_ATGGTGACCA-CTTGGCGATT_R2.fastq.gz,2024_sep_24,Degraded,Rizophora mangle,C9 Met carbono,Coz0_Deg,Degraded,20.54319,-86.879487,1.18634664766667,0.361794592666667,0.190101340333333,-0.336772046666667,0.176855224666667,-0.0977105686666667,0.0735422103333333,0.171217761333333,0.273959607333333,0.13966968,31.2666666666667,62.5666666666667,6.82,-68.3333333333333,2.89130434766667,4.94623655933333,10.7,4862.060852,1.27009191,1260.460523,3790315,20.54319,1.039269927952503,0.6600171104986184,2.612320350973474,0.7680767926843538,1.076507755340996,0.4105950916378091,-1.4707264056098874,1.0424460211589568,-0.29984880737550823,0.9881762541917471,0.5063306602795193,2.028240860409561,-1.6366639523879658,-22.306449624957864,-22.306449624957864,-1
CZ2_1,CZ2_1,Intermediate restoration,40,Cozumel,CZ2_1,CZ2_1_15475AAG_TTAACGGCTT-CTCCGTCTAC_R1.fastq.gz,CZ2_1_15475AAG_TTAACGGCTT-CTCCGTCTAC_R2.fastq.gz,2024_sep_27,Under restoration,Rizophora mangle,C7 Playa,Intermediate restoration,2017,20.54896,-86.843595,1.07370499933333,0.0560446986666667,0.166286703,-0.0785922086666667,0.200349431,0.152017250666667,0.133574464333333,0.865312195333333,0.196733726333333,0.121867659666667,31.2666666666667,48.7333333333333,6.56,-56,0.775362318666667,3.27956989233333,9.43333333333333,3942.74698266667,8.91352790933333,2003.74239833333,1927778,20.54896,-0.6013874732343593,3.9866037355959008,1.0001676811855489,0.9696892340786714,-0.5462353607063049,-3.4677743962014307,-1.1554303745331942,0.2751657685450276,-0.5232038745051448,0.424739052295085,-0.34285073878128247,2.3573972459692127,2.506773099485396,4.461306332417832,4.461306332417832,-0.847405516667332
CZ2_2,CZ2_2,Intermediate restoration,20,Cozumel,CZ2_2,CZ2_2_15476AAG_ATGGTCCTGG-TCGGACGTGT_R1.fastq.gz,CZ2_2_15476AAG_ATGGTCCTGG-TCGGACGTGT_R2.fastq.gz,2024_sep_27,Under restoration,Rizophora mangle,C7 Playa,Intermediate restoration,2017,20.54896,-86.843595,1.07370499933333,0.0560446986666667,0.166286703,-0.0785922086666667,0.200349431,0.152017250666667,0.133574464333333,0.865312195333333,0.196733726333333,0.121867659666667,30.6666666666667,35.4333333333333,6.6633333333333304,-43.6666666666667,0.775362318666667,2.956989247,8.66666666666667,2060.53108633333,4.62267686166667,1151.30724043333,2076658,20.54896,-1.8983325630175616,2.6520694589747635,-0.1101697549405026,0.9696892340786714,-0.5462353607063049,-3.4677743962014307,-1.1554303745331942,0.2751657685450276,-0.5232038745051448,-0.47376651315106,0.20628234074049331,0.28142331747032756,1.565425691226449,5.805067996061329,5.805067996061329,-0.751728419002457
CZ2_3,CZ2_3,Intermediate restoration,5,Cozumel,CZ2_3,CZ2_3_15477AAG_TGGAACGGAA-TAAGAGTCCA_R1.fastq.gz,CZ2_3_15477AAG_TGGAACGGAA-TAAGAGTCCA_R2.fastq.gz,2024_sep_27,Under restoration,Rizophora mangle,C7 Playa,Intermediate restoration,2017,20.54896,-86.843595,1.07370499933333,0.0560446986666667,0.166286703,-0.0785922086666667,0.200349431,0.152017250666667,0.133574464333333,0.865312195333333,0.196733726333333,0.121867659666667,30.4,31.0333333333333,6.88666666666667,-11.3333333333333,0.768115942,2.688172043,3.8,903.463630366667,0.506892537333333,290.035864633333,2953943,20.54896,-3.479823381687719,1.1501105595411991,-1.408090008559013,0.9696892340786714,-0.5462353607063049,-3.4677743962014307,-1.1554303745331942,0.2751657685450276,-0.5232038745051448,-1.4099809347314127,0.8142320086281408,-2.1291116116608775,0.6339545339725249,-2.500923506787429,-2.500923506787429,-0.720919610991827
CZ3_1,CZ3_1,Conserved,40,Cozumel,CZ3_1,CZ3_1_15478AAG_TTGCTCACCA-GTGGACGCTA_R1.fastq.gz,CZ3_1_15478AAG_TTGCTCACCA-GTGGACGCTA_R2.fastq.gz,2024_sep_27,Conserved,Rizophora mangle,C8 Chaparro,Coz6_Nat,Preserved,20.542455,-86.856454,0.321377094333333,0.561643806,0.0668431726666667,-0.507644846,0.0529651906666667,-0.156641636,0.0112652216666667,0,0.380569096666667,0.0589829396666667,30.7666666666667,45.5333333333333,6.27666666666667,-8.33333333333333,0.565217391,3.440860215,1.5,891.575950933333,0.109845787,261.188211433333,1240530,20.54246,0.33992652259267014,-4.667173407009289,0.03865314742454751,-2.7604128152903717,0.42823066249474734,3.0814148999653788,0.23245425817250737,0.4935702217100405,1.6165882835195438,-0.18684346747669012,-1.4182065719967774,-2.3608313744465463,0.7400763561958402,13.20801533710812,13.20801533710812,1
CZ3_2,CZ3_2,Conserved,20,Cozumel,CZ3_2,CZ3_2_15479AAG_AGACCGAATG-CCATGTCCTA_R1.fastq.gz,CZ3_2_15479AAG_AGACCGAATG-CCATGTCCTA_R2.fastq.gz,2024_sep_27,Conserved,Rizophora mangle,C8 Chaparro,Coz6_Nat,Preserved,20.542455,-86.856454,0.321377094333333,0.561643806,0.0668431726666667,-0.507644846,0.0529651906666667,-0.156641636,0.0112652216666667,0,0.380569096666667,0.0589829396666667,31.2666666666667,37.0333333333333,6.47333333333333,-3,0.666666666666667,4.40860215066667,3.2,760.811478233333,0.029749901,198.295129673333,1601839,20.54246,0.6439991910577446,-4.54259682481447,-0.27063201116495267,-2.7604128152903717,0.42823066249474734,3.0814148999653788,0.23245425817250737,0.4935702217100405,1.6165882835195438,-0.8627023647589654,-0.949674935272961,-1.8646475019310695,0.5428972016856264,5.95698399867145,5.95698399867145,0.964968449572905
CZ3_3,CZ3_3,Conserved,5,Cozumel,CZ3_3,CZ3_3_15480AAG_GCACCGCTAT-GATGCTTCTG_R1.fastq.gz,CZ3_3_15480AAG_GCACCGCTAT-GATGCTTCTG_R2.fastq.gz,2024_sep_27,Conserved,Rizophora mangle,C8 Chaparro,Coz6_Nat,Preserved,20.542455,-86.856454,0.321377094333333,0.561643806,0.0668431726666667,-0.507644846,0.0529651906666667,-0.156641636,0.0112652216666667,0,0.380569096666667,0.0589829396666667,31.2666666666667,32.2666666666667,6.49666666666667,-14,1.239130435,2.41935483866667,3.5,832.1375541,0.25859529,225.3235615,476093,20.54246,0.3110266164680979,-4.515765071369076,-0.41221620480040655,-2.7604128152903717,0.42823066249474734,3.0814148999653788,0.23245425817250737,0.4935702217100405,1.6165882835195438,-0.9283693836595208,-0.7602933548061519,-2.2145505100597775,0.01767859193132165,16.442728351037797,16.442728351037797,0.951646509278168
CZ4_1,CZ4_1,Intermediate restoration,40,Cozumel,CZ4_1,CZ4_1_15481AAG_TAGTAACCGA-ATGCTGATTC_R1.fastq.gz,CZ4_1_15481AAG_TAGTAACCGA-ATGCTGATTC_R2.fastq.gz,2024_sep_28,Under restoration,Rizophora mangle,C3,Intermediate restoration,2018,20.54863,-86.816359,1.10097437633333,0.052556802,0.183156768333333,-0.062303141,0.185534102333333,0.181900612666667,0.084381233,0.955423280333334,0.253411781666667,0.121955398333333,31.1333333333333,46.7333333333333,6.43666666666667,-37.3333333333333,0.898550724666667,2.47311827966667,3.23333333333333,1921.84149433333,0.778074323333333,1403.3993452,1457884,20.54863,-2.95054040701524,1.723490009910634,-0.04434504869565293,1.2243293318971196,-0.4703407365443388,-3.001559592132047,-0.02325649929841304,0.6400324959103727,-0.1610179254810701,0.1629917963702486,-0.8224496559005666,-1.2065975056487273,0.7801386992296421,-2.591663893502686,-2.591663893502686,-0.81708583337107
CZ4_2,CZ4_2,Intermediate restoration,20,Cozumel,CZ4_2,CZ4_2_15482AAG_CCGACTATCG-CACCTCAGCT_R1.fastq.gz,CZ4_2_15482AAG_CCGACTATCG-CACCTCAGCT_R2.fastq.gz,2024_sep_28,Under restoration,Rizophora mangle,C3,Intermediate restoration,2018,20.54863,-86.816359,1.10097437633333,0.052556802,0.183156768333333,-0.062303141,0.185534102333333,0.181900612666667,0.084381233,0.955423280333334,0.253411781666667,0.121955398333333,30.4333333333333,39,6.34333333333333,-25,1.36231884033333,2.95698924733333,7.56666666666667,1799.0021407,1.40739914366667,1348.82270393333,2565185,20.54863,-2.41478063603591,1.9758169944356,0.3413459752175068,1.2243293318971196,-0.4703407365443388,-3.001559592132047,-0.02325649929841304,0.6400324959103727,-0.1610179254810701,-0.282637209704119,-0.9109456074885692,-0.24577871276552105,0.3197755201400242,-13.7420199354334,-13.7420199354334,-0.818830203341361
CZ4_3,CZ4_3,Intermediate restoration,5,Cozumel,CZ4_3,CZ4_3_15483AAG_CCTAATGTGG-CTGTCTCTGG_R1.fastq.gz,CZ4_3_15483AAG_CCTAATGTGG-CTGTCTCTGG_R2.fastq.gz,2024_sep_28,Under restoration,Rizophora mangle,C3,Intermediate restoration,2018,20.54863,-86.816359,1.10097437633333,0.052556802,0.183156768333333,-0.062303141,0.185534102333333,0.181900612666667,0.084381233,0.955423280333334,0.253411781666667,0.121955398333333,30.1,28.6333333333333,6.84666666666667,-9.66666666666667,1.036231884,2.795698925,3.76666666666667,895.5385105,0.0984035176666667,389.833151413333,2422839,20.54863,-3.3849836931348767,0.8333923816420137,-1.382770632568963,1.2243293318971196,-0.4703407365443388,-3.001559592132047,-0.02325649929841304,0.6400324959103727,-0.1610179254810701,-1.501834417438792,0.7977779259258694,-2.0286453490921534,0.25106916154821646,-13.3918214583292,-13.3918214583292,-0.819581021651335
CZ5_1,CZ5_1,Advanced restoration,40,Cozumel,CZ5_1,CZ5_1_15484AAG_GCTCTATCCG-TGTTAGTCGT_R1.fastq.gz,CZ5_1_15484AAG_GCTCTATCCG-TGTTAGTCGT_R2.fastq.gz,2024_sep_28,Under restoration,Rizophora mangle,C1 camas,Advanced restoration,2014,20.549906,-86.810249,1.08970988666667,0.164097316,0.18927095,-0.167224844666667,0.174188096,0.106344039,0.0954151526666667,0.841854602666667,0.310827387666667,0.116791801,30.9,51.2666666666667,6.17666666666667,-1,1.68115942033333,2.58064516133333,3.4,2020.905489,0.197951261666667,554.862518966667,2640717,20.54991,-3.0682257687084613,0.39801269901546493,1.0846217734205803,1.0209384096466347,0.04329758836849176,-2.2674785388562326,-0.6034675638652128,0.9294047931034248,0.2861235790665221,0.05684033935836695,-1.884351726354327,-1.5299494109059495,-0.4555861827919735,-17.767559292764687,-17.767559292764687,-0.753150870535483
CZ5_2,CZ5_2,Advanced restoration,20,Cozumel,CZ5_2,CZ5_2_15485AAG_ACCACTGTTA-GTATCTTGCT_R1.fastq.gz,CZ5_2_15485AAG_ACCACTGTTA-GTATCTTGCT_R2.fastq.gz,2024_sep_28,Under restoration,Rizophora mangle,C1 camas,Advanced restoration,2014,20.549906,-86.810249,1.08970988666667,0.164097316,0.18927095,-0.167224844666667,0.174188096,0.106344039,0.0954151526666667,0.841854602666667,0.310827387666667,0.116791801,30.4,51.0333333333333,6.14666666666667,5.33333333333333,4.99275362266667,2.688172043,4.56666666666667,1085.7413803,0.0984035176666667,443.110348766667,1924383,20.54991,-2.5707972041720963,0.7933723121306745,1.8429366321845737,1.0209384096466347,0.04329758836849176,-2.2674785388562326,-0.6034675638652128,0.9294047931034248,0.2861235790665221,-0.01829241843785941,-1.8436267422655683,-0.588937894081563,-4.528191596921376,-2.495481670153139,-2.495481670153139,-0.799228497238887
CZ5_3,CZ5_3,Advanced restoration,5,Cozumel,CZ5_3,CZ5_3_15486AAG_AGTCGCATGG-AGAAGGAGGT_R1.fastq.gz,CZ5_3_15486AAG_AGTCGCATGG-AGAAGGAGGT_R2.fastq.gz,2024_sep_28,Under restoration,Rizophora mangle,C1 camas,Advanced restoration,2014,20.549906,-86.810249,1.08970988666667,0.164097316,0.18927095,-0.167224844666667,0.174188096,0.106344039,0.0954151526666667,0.841854602666667,0.310827387666667,0.116791801,31.3,42.6666666666667,6.47,-1.33333333333333,1.275362319,2.956989247,3.53333333333333,840.062673733333,0.05263444,223.504340166667,2357403,20.54991,-3.3057949479784488,0.04906768359085795,0.13857042618613588,1.0209384096466347,0.04329758836849176,-2.2674785388562326,-0.6034675638652128,0.9294047931034248,0.2861235790665221,-0.6298186577037868,-1.02146002742401,-2.06009250561743,-0.09507377607844136,-5.778787034217567,-5.778787034217567,-0.746566143967753
CZ6_1,CZ6_1,Early restoration,40,Cozumel,CZ6_1,CZ6_1_15487AAG_ACACTCTCAA-TGCATCGTGC_R1.fastq.gz,CZ6_1_15487AAG_ACACTCTCAA-TGCATCGTGC_R2.fastq.gz,2024_sep_28,Under restoration,Rizophora mangle,NA,Early restoration,2023,20.54906,-86.786705,1.22536170366667,0.0712438673333333,0.186907612666667,-0.118153743333333,0.148964364,0.0382888666666667,0.0444363066666667,0.804420750333333,0.176554550666667,0.117676230333333,31.6666666666667,28.9333333333333,6.40666666666667,-62,2.956521739,4.623655914,10.133333333333301,6023.090868,2.84912509566667,1476.1682,1688087,20.54906,0.3435716585828814,2.6253697218242227,1.346438740547924,1.4632566600548984,-0.20674240331870877,-1.1097763397120024,0.5826002395325068,0.08170619279736904,-0.5885979871823454,-0.23118539924518283,-0.8164872010472224,2.606669600698885,-1.3643705313669146,22.13409517275207,22.13409517275207,-0.832949897552016
CZ6_2,CZ6_2,Early restoration,20,Cozumel,CZ6_2,CZ6_2_15488AAG_TAGTACAGGC-GCTCCTAGTC_R1.fastq.gz,CZ6_2_15488AAG_TAGTACAGGC-GCTCCTAGTC_R2.fastq.gz,2024_sep_28,Under restoration,Rizophora mangle,NA,Early restoration,2023,20.54906,-86.786705,1.22536170366667,0.0712438673333333,0.186907612666667,-0.118153743333333,0.148964364,0.0382888666666667,0.0444363066666667,0.804420750333333,0.176554550666667,0.117676230333333,31.7333333333333,28.9,6.34,-56,1.49275362333333,3.65591397866667,9.46666666666667,4438.06695533333,2.63172197566667,1695.77420866667,1984007,20.54906,-0.4744044153412797,2.0912141407355938,0.7260236243243382,1.4632566600548984,-0.20674240331870877,-1.1097763397120024,0.5826002395325068,0.08170619279736904,-0.5885979871823454,-0.26161294544072,-1.1027524230544448,1.4188918605331176,0.45547789154862434,-6.883037730482113,-6.883037730482113,-0.808855769586043
CZ6_3,CZ6_3,Early restoration,5,Cozumel,CZ6_3,CZ6_3_15489AAG_GTGTCTGGAT-CAATGATTGG_R1.fastq.gz,CZ6_3_15489AAG_GTGTCTGGAT-CAATGATTGG_R2.fastq.gz,2024_sep_28,Under restoration,Rizophora mangle,NA,Early restoration,2023,20.54906,-86.786705,1.22536170366667,0.0712438673333333,0.186907612666667,-0.118153743333333,0.148964364,0.0382888666666667,0.0444363066666667,0.804420750333333,0.176554550666667,0.117676230333333,31.8333333333333,24.6,7.09333333333333,111,1.224637681,2.365591398,1.03333333333333,245.678706466667,0.010298043,7.06897447866667,2144564,20.54906,-3.9674806353509178,-0.989486554679391,-2.7090957681249805,1.4632566600548984,-0.20674240331870877,-1.1097763397120024,0.5826002395325068,0.08170619279736904,-0.5885979871823454,-3.872295594973716,0.0741419315032116,-2.9129156518460304,-0.07876386030812278,27.163790762474036,27.163790762474036,-0.823905631360853
TX1_1,TX1_1,Conserved,40,Tuxpan,TX1_1,TX1_1_15514AAG_AAGTGAGGTT-TCAGATTGGT_R1.fastq.gz,TX1_1_15514AAG_AAGTGAGGTT-TCAGATTGGT_R2.fastq.gz,2024_oct_03,Conserved,Rizophora mangle,NA,NA,Preserved,21.005525,-97.33949,0.253128442666667,0.443104841333333,0.0819952446666667,-0.406064517333333,0.0751845856666667,-0.125964360666667,0.0445578083333333,0.064386447,0.294390406333333,0.0370934413333333,28.7666666666667,51.6666666666667,6.62,-107.333333333333,3.41304347833333,6.612903226,9.7,5765.524482,6.17882550833333,1815.32304166667,2241069,21.00552,5.073511724539876,0.10509044641832314,1.9280561902547064,-2.4479996865454625,-0.15365505369280597,1.9651235980398365,-0.15255796241333547,-0.3935769506947236,1.3982556174561134,1.3430049345000774,1.1434469706573405,4.155937692057204,-1.392809676502522,10.09968293448512,10.09968293448512,0.482393923253103
TX1_2,TX1_2,Conserved,20,Tuxpan,TX1_2,TX1_2_15515AAG_AACCATCAAG-CCATTGCTCA_R1.fastq.gz,TX1_2_15515AAG_AACCATCAAG-CCATTGCTCA_R2.fastq.gz,2024_oct_03,Conserved,Rizophora mangle,NA,NA,Preserved,21.005525,-97.33949,0.253128442666667,0.443104841333333,0.0819952446666667,-0.406064517333333,0.0751845856666667,-0.125964360666667,0.0445578083333333,0.064386447,0.294390406333333,0.0370934413333333,28.7333333333333,49.9333333333333,6.65333333333333,-105.333333333333,1.652173913,6.29032258066667,14.1,8380.813938,10.6184260566667,2523.51993366667,3396212,21.00552,6.222170544185826,1.1567752614693152,2.2623486510108073,-2.4479996865454625,-0.15365505369280597,1.9651235980398365,-0.15255796241333547,-0.3935769506947236,1.3982556174561134,1.1991035324295267,1.2600305907500946,6.067603562764357,1.7613278740703242,-6.16367892029002,-6.16367892029002,-0.380197650208867
TX1_3,TX1_3,Conserved,5,Tuxpan,TX1_3,TX1_3_15516AAG_AACAGTCTTC-GTGACTTAAG_R1.fastq.gz,TX1_3_15516AAG_AACAGTCTTC-GTGACTTAAG_R2.fastq.gz,2024_oct_03,Conserved,Rizophora mangle,NA,NA,Preserved,21.005525,-97.33949,0.253128442666667,0.443104841333333,0.0819952446666667,-0.406064517333333,0.0751845856666667,-0.125964360666667,0.0445578083333333,0.064386447,0.294390406333333,0.0370934413333333,28.5666666666667,45.05,6.67333333333333,-100,1.43478260833333,4.94623655933333,10.1,3518.753086,3.87892934666667,1348.82270383333,4167795,21.00552,3.511731660098978,-1.16279486570329,0.5108621340410058,-2.4479996865454625,-0.15365505369280597,1.9651235980398365,-0.15255796241333547,-0.3935769506947236,1.3982556174561134,0.8738695944798938,1.3775028745091915,1.6999940445045607,0.5854444186594594,-4.164334501954285,-4.164334501954285,1
TX3_1,TX3_1,Degraded,40,Tuxpan,TX3_1,TX3_1_15520AAG_AGAGTAATGC-CTTACTCAGT_R1.fastq.gz,TX3_1_15520AAG_AGAGTAATGC-CTTACTCAGT_R2.fastq.gz,2024_oct_04,Degraded,Rizophora mangle,NA,NA,Degraded,21.045188,-97.357883,0.613091832,0.0864854423333333,0.077813938,-0.0917708823333334,0.0730166176666667,-0.0503293056666667,0.051448986,0.105659345,0.0463116033333333,0.0481179433333333,29.5333333333333,89.5666666666667,6.58333333333333,-65.6666666666667,1.579710145,4.73118279533333,4.2,2496.41266233333,2.76815387566667,1031.75840753333,4131945,21.04519,1.9885592734002169,0.6858584728069513,-1.072109813523711,-1.0007755299002303,-1.3128993077436213,0.6385628111040961,0.9674671203807416,-1.816303013548263,-0.361314476745594,2.4337860795764925,0.18411696441141673,0.18685747229363317,0.09975477630392464,-21.70122827378858,-21.70122827378858,-1
TX3_2,TX3_2,Degraded,20,Tuxpan,TX3_2,TX3_2_15521AAG_TCGAAGGAGT-TTCCAACTTG_R1.fastq.gz,TX3_2_15521AAG_TCGAAGGAGT-TTCCAACTTG_R2.fastq.gz,2024_oct_04,Degraded,Rizophora mangle,NA,NA,Degraded,21.045188,-97.357883,0.613091832,0.0864854423333333,0.077813938,-0.0917708823333334,0.0730166176666667,-0.0503293056666667,0.051448986,0.105659345,0.0463116033333333,0.0481179433333333,29.6,80.6,6.78,-64,1.60144927533333,5.59139784933333,5.9,3506.86540666667,3.83831501133333,1616.50813463333,3009003,21.04519,2.854581708419521,1.3123031111272911,-1.0906561115573938,-1.0007755299002303,-1.3128993077436213,0.6385628111040961,0.9674671203807416,-1.816303013548263,-0.361314476745594,1.8000623726763625,0.8432325225099411,1.553002103219097,0.35874265577675524,-1.2272092178241092,-1.2272092178241092,-0.852734535413783
TX3_3,TX3_3,Degraded,5,Tuxpan,TX3_3,TX3_3_15522AAG_CAAGGCTCTG-GTCAAGCACA_R1.fastq.gz,TX3_3_15522AAG_CAAGGCTCTG-GTCAAGCACA_R2.fastq.gz,2024_oct_04,Degraded,Rizophora mangle,NA,NA,Degraded,21.045188,-97.357883,0.613091832,0.0864854423333333,0.077813938,-0.0917708823333334,0.0730166176666667,-0.0503293056666667,0.051448986,0.105659345,0.0463116033333333,0.0481179433333333,29.5,60.8666666666667,6.92666666666667,-78.3333333333333,1.67391304333333,4.35483870966667,13.0333333333333,3098.721749,2.47905349533333,1989.448516,2558287,21.04519,3.07860823989679,1.6167662416771782,-1.5139633240071144,-1.0007755299002303,-1.3128993077436213,0.6385628111040961,0.9674671203807416,-1.816303013548263,-0.361314476745594,0.9829601122624746,1.5911773731257417,2.0178371291640236,0.24060425179043832,-5.879747803289016,-5.879747803289016,-0.924073833524777
TX4_1,TX4_1,Advanced restoration,40,Tuxpan,TX4_1,TX4_1_15523AAG_CGATCTTCTC-ATCGTGCTAC_R1.fastq.gz,TX4_1_15523AAG_CGATCTTCTC-ATCGTGCTAC_R2.fastq.gz,2024_oct_04,Under restoration,Rizophora mangle,NA,Advanced restoration,2019,21.015613,-97.341168,0.775574479333333,0.340097819666667,0.052910638,-0.309966252666667,0.04599142,-0.084552272,0.046485215,0.001061571,0.226868329333333,0.025406804,29.1,48.1666666666667,6.67666666666667,-48.3333333333333,1.59420289866667,3.70967741933333,5.26666666666667,1252.168891,1.330346901,764.072976666667,4145435,21.01561,1.8191087158454855,-2.044083059895027,-1.3921871148587357,-1.5510086830778176,-0.02130723272874458,1.7617894404770482,0.5121490456553699,-1.0051930594246588,1.1437145069677317,0.18496104210389833,0.781434227203667,-0.768011895936488,-0.1708419967931263,-14.935332362595442,-14.935332362595442,0.359503297693743
TX4_2,TX4_2,Advanced restoration,20,Tuxpan,TX4_2,TX4_2_15524AAG_TTGTACTCGC-GCGGCGTAAT_R1.fastq.gz,TX4_2_15524AAG_TTGTACTCGC-GCGGCGTAAT_R2.fastq.gz,2024_oct_04,Under restoration,Rizophora mangle,NA,Advanced restoration,2019,21.015613,-97.341168,0.775574479333333,0.340097819666667,0.052910638,-0.309966252666667,0.04599142,-0.084552272,0.046485215,0.001061571,0.226868329333333,0.025406804,28.7666666666667,46.4666666666667,6.63666666666667,-49,2.50724637666667,4.94623655933333,10,2377.53586866667,2.99477374333333,910.910130433333,3039992,21.01561,3.15027702033949,-1.1264933878359276,-0.4951854270880166,-1.5510086830778176,-0.02130723272874458,1.7617894404770482,0.5121490456553699,-1.0051930594246588,1.1437145069677317,0.16244368859864727,0.7904174118692876,1.289984543586311,-0.9799684250522036,-7.498032130365556,-7.498032130365556,0.945608669746784
TX4_3,TX4_3,Advanced restoration,5,Tuxpan,TX4_3,TX4_3_15525AAG_ACGGTACTTA-TAACCTTGTC_R1.fastq.gz,TX4_3_15525AAG_ACGGTACTTA-TAACCTTGTC_R2.fastq.gz,2024_oct_04,Under restoration,Rizophora mangle,NA,Advanced restoration,2019,21.015613,-97.341168,0.775574479333333,0.340097819666667,0.052910638,-0.309966252666667,0.04599142,-0.084552272,0.046485215,0.001061571,0.226868329333333,0.025406804,29.2666666666667,0.775574479333333,6.75,-52,2.10869565233333,5.75268817233333,8,1902.028695,2.68811520066667,1070.74172256667,2939929,21.01561,2.77689950487525,-1.5793557334954325,-1.4747257265089992,-1.5510086830778176,-0.02130723272874458,1.7617894404770482,0.5121490456553699,-1.0051930594246588,1.1437145069677317,-1.989698817435952,1.2892977260525604,1.0756489243564769,-0.5871241752105842,10.752901127904316,10.752901127904316,0.299703793835211
TX5_1,TX5_1,Intermediate restoration,40,Tuxpan,TX5_1,TX5_1_15526AAG_ACTCCACTAA-CATAGAACGC_R1.fastq.gz,TX5_1_15526AAG_ACTCCACTAA-CATAGAACGC_R2.fastq.gz,2024_oct_04,Under restoration,Rizophora mangle,NA,Intermediate restoration,2019,21.013925,-97.340314,1.157549873,0.318905857333333,0.0762394243333333,-0.300320964,0.0653522466666667,-0.105266268666667,0.0508414246666667,0,0.197009612333333,0.0316759643333333,28.6666666666667,40.4333333333333,6.79,-48.6666666666667,1.44927536233333,4.62365591366667,7.2,1711.825826,1.76205228566667,506.783096833333,11623734,21.01393,2.0435041773888334,-1.7271798331724884,-1.3137780913953776,-0.5032875454721236,0.4686462963600506,1.6550982166304924,0.2189453980397521,-1.100928976340034,0.856429870677276,-0.2709158945230331,1.3615501197774302,-0.2134166047455389,-0.00774258213150022,-15.373462551092912,-15.373462551092912,0.224127932751103
TX5_2,TX5_2,Intermediate restoration,20,Tuxpan,TX5_2,TX5_2_15527AAG_TGATCGAGGC-AATAGTGACG_R1.fastq.gz,TX5_2_15527AAG_TGATCGAGGC-AATAGTGACG_R2.fastq.gz,2024_oct_04,Under restoration,Rizophora mangle,NA,Intermediate restoration,2019,21.013925,-97.340314,1.157549873,0.318905857333333,0.0762394243333333,-0.300320964,0.0653522466666667,-0.105266268666667,0.0508414246666667,0,0.197009612333333,0.0316759643333333,28.4333333333333,34.2666666666667,6.75666666666667,-72.6666666666667,1.68115942033333,4.569892473,9.13333333333334,2171.48276033333,2.122089015,1234.471646,3017749,21.01393,2.732548208762882,-1.0946325653529674,-0.9568255836070776,-0.5032875454721236,0.4686462963600506,1.6550982166304924,0.2189453980397521,-1.100928976340034,0.856429870677276,-0.13380546677461472,1.560076546566157,0.7651074513363829,-0.04737078998594186,-2.1988775824365683,-2.1988775824365683,0.568624035288549
TX5_3,TX5_3,Intermediate restoration,5,Tuxpan,TX5_3,TX5_3_15528AAG_CAACAGACAA-CTGAGAAGGT_R1.fastq.gz,TX5_3_15528AAG_CAACAGACAA-CTGAGAAGGT_R2.fastq.gz,2024_oct_04,Under restoration,Rizophora mangle,NA,Intermediate restoration,2019,21.013925,-97.340314,1.157549873,0.318905857333333,0.0762394243333333,-0.300320964,0.0653522466666667,-0.105266268666667,0.0508414246666667,0,0.197009612333333,0.0316759643333333,28.1333333333333,30.0333333333333,6.99,-32,1.42028985533333,3.17204301066667,7.36666666666667,1751.4514232,0.863467980333333,832.943500213333,3720072,21.01393,1.627273063153493,-1.9721541431226175,-2.039878774157654,-0.5032875454721236,0.4686462963600506,1.6550982166304924,0.2189453980397521,-1.100928976340034,0.856429870677276,-1.2045653356942287,2.148821399512467,-0.6343785419940356,0.02965638771652677,15.394658263550422,15.394658263550422,-0.18528819391425
TX6_1,TX6_1,Early restoration,40,Tuxpan,TX6_1,TX6_1_15529AAG_TGTTAACCAG-CGTTAATCCA_R1.fastq.gz,TX6_1_15529AAG_TGTTAACCAG-CGTTAATCCA_R2.fastq.gz,2024_oct_05,Under restoration,Rizophora mangle,NA,Early restoration,2019,21.01265,-97.339472,1.460814996,0.253182852666667,0.074481874,-0.245841594,0.0670485096666667,-0.0611933166666667,0.0496313213333333,0.0434991286666667,0.179846323666667,0.0371076013333333,28.6,49.6333333333333,6.84333333333333,-59.6666666666667,1.29710144933333,4.139784946,3.33333333333333,1981.27989066667,2.112197173,714.694110933333,2811166,21.01265,1.651900721367781,-1.30807289304272,-1.690566033082492,0.2052668255982441,0.5680908550067081,1.2351050459842758,0.493122954431768,-1.1280328156601889,0.6633671060560166,0.26964432418064704,1.5835600713993176,-0.6819154832713034,0.28353777735095415,8.426701340674002,8.426701340674002,0.0875865726266241
TX6_2,TX6_2,Early restoration,20,Tuxpan,TX6_2,TX6_2_15530AAG_AGTCCTAGAG-CTTATCCAGA_R1.fastq.gz,TX6_2_15530AAG_AGTCCTAGAG-CTTATCCAGA_R2.fastq.gz,2024_oct_05,Under restoration,Rizophora mangle,NA,Early restoration,2019,21.01265,-97.339472,1.460814996,0.253182852666667,0.074481874,-0.245841594,0.0670485096666667,-0.0611933166666667,0.0496313213333333,0.0434991286666667,0.179846323666667,0.0371076013333333,28.5333333333333,43.0333333333333,6.92666666666667,-64.3333333333333,1.36956521733333,3.494623656,4,2377.535869,1.75216044333333,984.978429233333,2474070,21.01265,1.6784671640392523,-1.194136940001812,-1.8757130628158565,0.2052668255982441,0.5680908550067081,1.2351050459842758,0.493122954431768,-1.1280328156601889,0.6633671060560166,-0.03984383695475208,1.956374504857394,-0.5757053829098366,0.239582439835816,3.201502638454877,3.201502638454877,0.109396517813573
TX6_3,TX6_3,Early restoration,5,Tuxpan,TX6_3,TX6_3_15531AAG_AACCGTTGCT-GACTCTTACT_R1.fastq.gz,TX6_3_15531AAG_AACCGTTGCT-GACTCTTACT_R2.fastq.gz,2024_oct_05,Under restoration,Rizophora mangle,NA,Early restoration,2019,21.01265,-97.339472,1.460814996,0.253182852666667,0.074481874,-0.245841594,0.0670485096666667,-0.0611933166666667,0.0496313213333333,0.0434991286666667,0.179846323666667,0.0371076013333333,27.7666666666667,31.1,6.85666666666667,-69,1.41304347833333,5.376344086,10.4333333333333,2480.56242333333,2.82925559466667,1429.388222,514395,21.01265,3.0789178696583948,-0.41699957768908774,-1.2723950062038092,0.2052668255982441,0.5680908550067081,1.2351050459842758,0.493122954431768,-1.1280328156601889,0.6633671060560166,-0.4292066966563015,2.123538469031339,1.4647525988538492,0.4087483838905468,31.26645703856776,31.26645703856776,0.177375991535818
