"sample_id","id_metagenomics","r1_filename","r2_filename","locality","sampling","condition","plant_association","name_site","id_proyect","year_res","latitude","longitude","depth_cm","shdi","ndvi_p50","ndvi_sd","ndwi_p50","ndwi_sd","mndwi_p50","mndwi_sd","water_prop_mndwi","ndmi_p50","ndmi_sd","temperature_c","salinity_ups","ph","redox_shallow_mv","n_no2_umol_l","n_no3_umol_l","n_nh3_mg_l_campo","n_nh4plus_umol_l","p_po4_3_umol_l","s_2_umol","total_reads_rank","restoration4","lat_block","ECI_PC1","ECI_PC2","ECI_PC3","MHI_local_raw","MHI_local"
"CC1_1","CC1_1","CC1_1_15493AAG_TCCGAATACG-CGGAGAACCT_R1.fastq.gz","CC1_1_15493AAG_TCCGAATACG-CGGAGAACCT_R2.fastq.gz","Carmen","2024_sep_03","Under restoration","Rizophora mangle","Canal 15","Intermediate restoration","2018",18.69209,-91.640456,5,0.912574429,0.177373012,0.144609412666667,-0.165680658666667,0.122352852333333,-0.0088817016666666,0.022402475,0.327545169333333,0.157766734333333,0.110361513,34.4333333333333,37.8333333333333,6.95333333333333,20.33,1.123188406,2.311827957,1.63333333333333,388.3308586,0,48.6511772943333,2676418,"Intermediate restoration",18.69209,2.57734818935636,-0.0513825613880523,-2.50747909216964,-9.59639267627607,-0.131186280530959
"CC1_2","CC1_2","CC1_2_15494AAG_CGCTGAATAA-TACTTGGTCT_R1.fastq.gz","CC1_2_15494AAG_CGCTGAATAA-TACTTGGTCT_R2.fastq.gz","Carmen","2024_sep_03","Under restoration","Rizophora mangle","Canal 15","Intermediate restoration","2018",18.69209,-91.640456,20,0.912574429,0.177373012,0.144609412666667,-0.165680658666667,0.122352852333333,-0.0088817016666666,0.022402475,0.327545169333333,0.157766734333333,0.110361513,33.5666666666667,43,6.72,-59.3,1.56521739133333,4.78494623666667,5.73333333333333,1363.120565,3.07797048433333,900.5145796,2245098,"Intermediate restoration",18.69209,-0.234713155204402,-0.635309536190411,-0.680516382596318,-8.61656056911543,0.0208708376847955
"CC1_3","CC1_3","CC1_3_15495AAG_CCATACCGCA-TTATCCGCCG_R1.fastq.gz","CC1_3_15495AAG_CCATACCGCA-TTATCCGCCG_R2.fastq.gz","Carmen","2024_sep_03","Under restoration","Rizophora mangle","Canal 15","Intermediate restoration","2018",18.69209,-91.640456,40,0.912574429,0.177373012,0.144609412666667,-0.165680658666667,0.122352852333333,-0.0088817016666666,0.022402475,0.327545169333333,0.157766734333333,0.110361513,33.8,48.5666666666667,6.75666666666667,-82.3333333333333,1.891304348,3.60215053766667,7.7,2389.42354833333,1.33874552666667,1548.93705493333,1788860,"Intermediate restoration",18.69209,-0.567191509767721,-1.01115038467507,-0.298080210213083,-9.2766306989653,-0.0815634069493372
"CC2_1","CC2_1","CC2_1_15496AAG_ATACAGACTC-CGCATATACT_R1.fastq.gz","CC2_1_15496AAG_ATACAGACTC-CGCATATACT_R2.fastq.gz","Carmen","2024_sep_03","Under restoration","Rizophora mangle","Canal 10","Early restoration","2021",18.684737,-91.647542,5,0.970972158,0.13173486,0.175673067,-0.124722775666667,0.146891763333333,-0.006173034,0.0316068286666667,0.394588091,0.124020192,0.132331356666667,33.4333333333333,36.4,6.77333333333333,-14.6666666666667,1.01449275366667,2.04301075266667,2,475.5071738,0,82.9045168733333,2770359,"Early restoration",18.68474,2.70665178631442,-0.671433791613473,-1.95609610554686,-7.82764173756257,0.14330071434978
"CC2_2","CC2_2","CC2_2_15497AAG_GACCGCGTTA-TACCATGGAA_R1.fastq.gz","CC2_2_15497AAG_GACCGCGTTA-TACCATGGAA_R2.fastq.gz","Carmen","2024_sep_03","Under restoration","Rizophora mangle","Canal 10","Early restoration","2021",18.684737,-91.647542,20,0.970972158,0.13173486,0.175673067,-0.124722775666667,0.146891763333333,-0.006173034,0.0316068286666667,0.394588091,0.124020192,0.132331356666667,32.7,40.7666666666667,6.46,-69,1.18115942033333,3.27956989266667,3.73333333333333,887.613391066667,1.224322832,601.382608266667,1659685,"Early restoration",18.68474,1.33548483826334,-0.91725529941574,-0.770187839053205,-6.40685851955724,0.36378767345264
"CC2_3","CC2_3","CC2_3_15498AAG_AACACCAATG-ATGGTGAGTA_R1.fastq.gz","CC2_3_15498AAG_AACACCAATG-ATGGTGAGTA_R2.fastq.gz","Carmen","2024_sep_03","Under restoration","Rizophora mangle","Canal 10","Early restoration","2021",18.684737,-91.647542,40,0.970972158,0.13173486,0.175673067,-0.124722775666667,0.146891763333333,-0.006173034,0.0316068286666667,0.394588091,0.124020192,0.132331356666667,32.3333333333333,46.4,6.46666666666667,-92.6666666666667,1.71014492766667,3.27956989266667,5,2971.919836,2.90633644266667,1224.07609536667,1697040,"Early restoration",18.68474,-0.0453121874073793,-1.38109570740449,0.223357894151796,-7.26861037738533,0.230055064405845
"CC3_1","CC3_1","CC3_1_15499AAG_ACCGTGCTTC-ATTGAGGTGA_R1.fastq.gz","CC3_1_15499AAG_ACCGTGCTTC-ATTGAGGTGA_R2.fastq.gz","Carmen","2024_sep_04","Under restoration","Rizophora mangle","Canal 9","Advanced restoration","2012",18.671669,-91.672163,5,1.20506765633333,0.471026278,0.178270206333333,-0.418655286666667,0.159243877666667,-0.066794407,0.0462308616666667,0.133143655666667,0.362150592666667,0.129331235,31.7,33.9,6.89,18.6666666666667,1.086956522,3.11827956966667,2.3,546.833249866667,0.0572113473333333,17.2566141686667,2039334,"Advanced restoration",18.67167,2.94047809114579,1.88445750338757,-0.341870367559717,-7.94262300918965,0.125457125958845
"CC3_2","CC3_2","CC3_2_15500AAG_CATCTAGACA-GACAGTTATC_R1.fastq.gz","CC3_2_15500AAG_CATCTAGACA-GACAGTTATC_R2.fastq.gz","Carmen","2024_sep_04","Under restoration","Rizophora mangle","Canal 9","Advanced restoration","2012",18.671669,-91.672163,20,1.20506765633333,0.471026278,0.178270206333333,-0.418655286666667,0.159243877666667,-0.066794407,0.0462308616666667,0.133143655666667,0.362150592666667,0.129331235,31.6666666666667,46.8333333333333,6.48333333333333,-47,1.304347826,5,5.03333333333333,1196.69305426667,1.02980425133333,304.0698581,274696,"Advanced restoration",18.67167,1.31794109724591,1.5336647022117,1.21188844017068,-6.64751253343379,0.326441320368578
"CC3_3","CC3_3","CC3_3_15501AAG_ATTGTTCTCG-GCAGTAGTAA_R1.fastq.gz","CC3_3_15501AAG_ATTGTTCTCG-GCAGTAGTAA_R2.fastq.gz","Carmen","2024_sep_04","Under restoration","Rizophora mangle","Canal 9","Advanced restoration","2012",18.671669,-91.672163,40,1.20506765633333,0.471026278,0.178270206333333,-0.418655286666667,0.159243877666667,-0.066794407,0.0462308616666667,0.133143655666667,0.362150592666667,0.129331235,31.3666666666667,52.2333333333333,6.57,-69.6666666666667,1.66666666633333,4.40860215066667,4.53333333333333,2694.54065133333,1.63624453266667,490.1502157,1499057,"Advanced restoration",18.67167,0.731184091579694,1.3092643248341,1.57032911407816,-7.14810873543855,0.248755342015435
"CC4_1","CC4_1","CC4_1_15502AAG_TACGGCAGAA-ATGTAGCGGC_R1.fastq.gz","CC4_1_15502AAG_TACGGCAGAA-ATGTAGCGGC_R2.fastq.gz","Carmen","2024_sep_04","Degraded","Rizophora mangle","Deg canal prin","LT1_DEG","Degraded",18.682913,-91.657263,5,0.568886743666667,-0.138175773333333,0.183702022666667,0.124720098,0.161743535,0.0915628476666667,0.0563991833333333,0.84304641,-0.0240113413333333,0.116753231333333,33.6666666666667,46.5333333333333,6.81,-96.6666666666667,1.52173913033333,5.16129032266667,9.43333333333334,2242.80883633333,2.27701162233333,714.6941109,4254914,"Degraded",18.68291,-0.793219113365861,-4.12246154435692,-1.26977313243381,-11.9076574076841,-0.489864315189394
"CC4_2","CC4_2","CC4_2_15503AAG_AGAAGTCTGT-GAGGCATGCT_R1.fastq.gz","CC4_2_15503AAG_AGAAGTCTGT-GAGGCATGCT_R2.fastq.gz","Carmen","2024_sep_04","Degraded","Rizophora mangle","Deg canal prin","LT1_DEG","Degraded",18.682913,-91.657263,20,0.568886743666667,-0.138175773333333,0.183702022666667,0.124720098,0.161743535,0.0915628476666667,0.0563991833333333,0.84304641,-0.0240113413333333,0.116753231333333,33.8333333333333,57.6666666666667,6.67333333333333,-116.333333333333,2.39130434766667,5.64516129033333,10.7333333333333,4798.65989566667,4.302293317,2445.55330333333,1845136,"Degraded",18.68291,-2.84788112030065,-4.972890175955,0.561096257339035,-14.575781310869,-0.90392222245325
"CC4_3","CC4_3","CC4_3_15504AAG_CATTCTAGGT-CTTGTCAATG_R1.fastq.gz","CC4_3_15504AAG_CATTCTAGGT-CTTGTCAATG_R2.fastq.gz","Carmen","2024_sep_04","Degraded","Rizophora mangle","Deg canal prin","LT1_DEG","Degraded",18.682913,-91.657263,40,0.568886743666667,-0.138175773333333,0.183702022666667,0.124720098,0.161743535,0.0915628476666667,0.0563991833333333,0.84304641,-0.0240113413333333,0.116753231333333,33.9666666666667,59.2,6.71,-110.333333333333,2.31884057966667,6.34408602133333,9.1,5408.894102,4.130659275,3051.09413166667,1924162,"Degraded",18.68291,-3.16956616121877,-5.09599028404714,0.767237966715565,-15.1948913685209,-1
"CC5_1","CC5_1","CC5_1_15505AAG_CTCGCTGAGT-TCTCCGTTGT_R1.fastq.gz","CC5_1_15505AAG_CTCGCTGAGT-TCTCCGTTGT_R2.fastq.gz","Carmen","2024_sep_05","Conserved","Rizophora mangle","Ref Rm","","Preserved",18.705414,-91.643521,5,0.994804631,0.548895011,0.243684106333333,-0.47798653,0.217676297666667,-0.119171300333333,0.0461568073333333,0.013858234,0.378126095333333,0.189567921333333,31.4333333333333,37.7333333333333,6.54333333333333,-9.66666666666667,1.036231884,3.60215053766667,2.93333333333333,546.833249866667,0.270037559666667,73.4965434866667,3213264,"Conserved",18.70541,3.48846081904135,1.92649259412008,1.73493185351171,-3.2017157096812,0.861183886107874
"CC5_2","CC5_2","CC5_2_15506AAG_TCTCGCATCG-CACTGTCTGG_R1.fastq.gz","CC5_2_15506AAG_TCTCGCATCG-CACTGTCTGG_R2.fastq.gz","Carmen","2024_sep_05","Conserved","Rizophora mangle","Ref Rm","","Preserved",18.705414,-91.643521,20,0.994804631,0.548895011,0.243684106333333,-0.47798653,0.217676297666667,-0.119171300333333,0.0461568073333333,0.013858234,0.378126095333333,0.189567921333333,30.8666666666667,38.1,6.44666666666667,-19.3333333333333,1.02173913033333,4.19354838733333,2.56666666666667,610.234206333333,0.163624453333333,232.860335773333,1953779,"Conserved",18.70541,3.22633311506353,1.98202666754308,1.97127223151986,-2.92739962692482,0.903754151686374
"CC5_3","CC5_3","CC5_3_15507AAG_GCCTTCACAT-TCTTGGAGTT_R1.fastq.gz","CC5_3_15507AAG_GCCTTCACAT-TCTTGGAGTT_R2.fastq.gz","Carmen","2024_sep_05","Conserved","Rizophora mangle","Ref Rm","","Preserved",18.705414,-91.643521,40,0.994804631,0.548895011,0.243684106333333,-0.47798653,0.217676297666667,-0.119171300333333,0.0461568073333333,0.013858234,0.378126095333333,0.189567921333333,30.4666666666667,36.8666666666667,6.45,-17,1.28985507266667,4.623655914,2.6,618.159325933333,0.389037161666667,260.928322666667,1735102,"Conserved",18.70541,2.97993260699175,2.01978571347634,2.06487954512298,-2.85453321991834,0.915062064320763
"CC6_1","CC6_1","CC6_1_15508AAG_GTACACCATG-ATTCAGCCTC_R1.fastq.gz","CC6_1_15508AAG_GTACACCATG-ATTCAGCCTC_R2.fastq.gz","Carmen","2024_sep_05","Under restoration","Rizophora mangle","CONAFOR T2","Intermediate restoration","2018",18.713877,-91.616237,5,0.862157451333333,0.115846076666667,0.138035191333333,-0.0914749986666667,0.124365419333333,0.047186398,0.0417407636666667,0.838046430333333,0.138651279333333,0.0928548843333333,31.7666666666667,36.1333333333333,6.57,-7.66666666666667,1.31884057966667,3.33333333366667,3.8,903.4636302,0.583555742333333,386.714486233333,2548649,"Intermediate restoration",18.71388,1.57627533220636,-1.10822955534992,-1.93281986441223,-9.08757554031788,-0.0522245208303134
"CC6_2","CC6_2","CC6_2_15509AAG_TGTGGTACAA-TGCCTAATGT_R1.fastq.gz","CC6_2_15509AAG_TGTGGTACAA-TGCCTAATGT_R2.fastq.gz","Carmen","2024_sep_05","Under restoration","Rizophora mangle","CONAFOR T2","Intermediate restoration","2018",18.713877,-91.616237,20,0.862157451333333,0.115846076666667,0.138035191333333,-0.0914749986666667,0.124365419333333,0.047186398,0.0417407636666667,0.838046430333333,0.138651279333333,0.0928548843333333,32.9333333333333,40.0333333333333,6.79666666666667,-68,1.62318840566667,3.65591397833333,5.76666666666667,1371.0456847,1.842205383,851.135713833333,2333362,"Intermediate restoration",18.71388,0.219674236432998,-1.74289772925801,-1.48270465086933,-9.77164181352351,-0.158382652832806
"CC6_3","CC6_3","CC6_3_15510AAG_GTATGTTCCT-ATTGGAGCGA_R1.fastq.gz","CC6_3_15510AAG_GTATGTTCCT-ATTGGAGCGA_R2.fastq.gz","Carmen","2024_sep_05","Under restoration","Rizophora mangle","CONAFOR T2","Intermediate restoration","2018",18.713877,-91.616237,40,0.862157451333333,0.115846076666667,0.138035191333333,-0.0914749986666667,0.124365419333333,0.047186398,0.0417407636666667,0.838046430333333,0.138651279333333,0.0928548843333333,33.0666666666667,46.2333333333333,6.87333333333333,-90.6666666666667,1.62318840566667,4.892473118,5.03333333333333,2991.732635,2.437203395,1060.3461717,2180202,"Intermediate restoration",18.71388,-0.78799798773959,-1.9827727495379,-0.955560706213104,-10.4499326154805,-0.263644507291428
"CC7_1","CC7_1","CC7_1_15511AAG_CCGGTAATCA-CAGCTGGTGT_R1.fastq.gz","CC7_1_15511AAG_CCGGTAATCA-CAGCTGGTGT_R2.fastq.gz","Carmen","2024_sep_06","Conserved","Avicennia germinans","La deseada","","Preserved",18.740469,-91.599732,5,0.905047634333333,0.569401680666667,0.255101862666667,-0.498552830333333,0.225903380666667,-0.116795908,0.0597342556666667,0.151150639333333,0.398153043333333,0.182942012333333,30.5333333333333,49.6666666666667,5.65333333333333,85.6666666666667,1.52173913033333,2.41935483866667,2.6,618.159325933333,0.0492017586666667,2.70284318333333,5151057,"Conserved",18.74047,5.10757168930869,2.19633368749933,2.9726892978459,-6.65848910515148,0.324737900108022
"CC7_2","CC7_2","CC7_2_15512AAG_TCCTTCACTA-AGTCTTGCAA_R1.fastq.gz","CC7_2_15512AAG_TCCTTCACTA-AGTCTTGCAA_R2.fastq.gz","Carmen","2024_sep_06","Conserved","Avicennia germinans","La deseada","","Preserved",18.740469,-91.599732,20,0.905047634333333,0.569401680666667,0.255101862666667,-0.498552830333333,0.225903380666667,-0.116795908,0.0597342556666667,0.151150639333333,0.398153043333333,0.182942012333333,30.8,53.2333333333333,6.38666666666667,-32,1.39855072466667,3.11827956966667,5.76666666666667,1371.04568443333,1.97951261666667,913.5090183,3164246,"Conserved",18.74047,2.43900876857206,1.29192328334749,3.15413199720301,-2.30720654773734,1
"CC7_3","CC7_3","CC7_3_15513AAG_GCAACATTGG-ATCCGAAGTA_R1.fastq.gz","CC7_3_15513AAG_GCAACATTGG-ATCCGAAGTA_R2.fastq.gz","Carmen","2024_sep_06","Conserved","Avicennia germinans","La deseada","","Preserved",18.740469,-91.599732,40,0.905047634333333,0.569401680666667,0.255101862666667,-0.498552830333333,0.225903380666667,-0.116795908,0.0597342556666667,0.151150639333333,0.398153043333333,0.182942012333333,31.0666666666667,52.0333333333333,6.68333333333333,-78.3333333333333,1.5,3.70967741933333,7.63333333333333,4537.13094966667,4.26796650866667,3149.85186333333,1652745,"Conserved",18.74047,-0.247209434251699,0.162633349261607,4.4877084157952,-8.02004465885064,0.113442299287085
"CZ1_1","CZ1_1","CZ1_1_15472AAG_TGAAGTCAAC-ACTGGCTTGA_R1.fastq.gz","CZ1_1_15472AAG_TGAAGTCAAC-ACTGGCTTGA_R2.fastq.gz","Cozumel","2024_sep_24","Degraded","Rizophora mangle","C9 Met carbono","Coz0_Deg","Degraded",20.54319,-86.879487,40,1.18634664766667,0.361794592666667,0.190101340333333,-0.336772046666667,0.176855224666667,-0.0977105686666667,0.0735422103333333,0.171217761333333,0.273959607333333,0.13966968,30.6666666666667,87.9666666666667,6.47,-32,1.67391304366667,3.33333333333333,8.5,5052.26372166667,1.716340419,1013.5661937,2365165,"Degraded",20.54319,0.0330505171395391,0.0524106291549227,2.75073259479175,-45.3282244114442,-0.985563302790161
"CZ1_2","CZ1_2","CZ1_2_15473AAG_TACGAACAAG-CAATGTGCCA_R1.fastq.gz","CZ1_2_15473AAG_TACGAACAAG-CAATGTGCCA_R2.fastq.gz","Cozumel","2024_sep_24","Degraded","Rizophora mangle","C9 Met carbono","Coz0_Deg","Degraded",20.54319,-86.879487,20,1.18634664766667,0.361794592666667,0.190101340333333,-0.336772046666667,0.176855224666667,-0.0977105686666667,0.0735422103333333,0.171217761333333,0.273959607333333,0.13966968,31.4666666666667,81.8333333333333,6.56,-53,1.81884057966667,4.139784946,9.86666666666667,5864.58847666667,1.07557332933333,1595.717033,2616931,"Degraded",20.54319,-0.747981870479548,-0.328424074906317,3.06410442679384,-45.4618745626985,-0.991639269918454
"CZ1_3","CZ1_3","CZ1_3_15474AAG_ATGGTGACCA-CTTGGCGATT_R1.fastq.gz","CZ1_3_15474AAG_ATGGTGACCA-CTTGGCGATT_R2.fastq.gz","Cozumel","2024_sep_24","Degraded","Rizophora mangle","C9 Met carbono","Coz0_Deg","Degraded",20.54319,-86.879487,5,1.18634664766667,0.361794592666667,0.190101340333333,-0.336772046666667,0.176855224666667,-0.0977105686666667,0.0735422103333333,0.171217761333333,0.273959607333333,0.13966968,31.2666666666667,62.5666666666667,6.82,-68.3333333333333,2.89130434766667,4.94623655933333,10.7,4862.060852,1.27009191,1260.460523,3790315,"Degraded",20.54319,-1.16855076103649,-0.266315094052161,2.54460524348991,-45.6457815550177,-1
"CZ2_1","CZ2_1","CZ2_1_15475AAG_TTAACGGCTT-CTCCGTCTAC_R1.fastq.gz","CZ2_1_15475AAG_TTAACGGCTT-CTCCGTCTAC_R2.fastq.gz","Cozumel","2024_sep_27","Under restoration","Rizophora mangle","C7 Playa","Intermediate restoration","2017",20.54896,-86.843595,40,1.07370499933333,0.0560446986666667,0.166286703,-0.0785922086666667,0.200349431,0.152017250666667,0.133574464333333,0.865312195333333,0.196733726333333,0.121867659666667,31.2666666666667,48.7333333333333,6.56,-56,0.775362318666667,3.27956989233333,9.43333333333333,3942.74698266667,8.91352790933333,2003.74239833333,1927778,"Intermediate restoration",20.54896,-0.727104760707493,-4.06500063580188,1.46475320497847,-42.2892334784139,-0.847405516667332
"CZ2_2","CZ2_2","CZ2_2_15476AAG_ATGGTCCTGG-TCGGACGTGT_R1.fastq.gz","CZ2_2_15476AAG_ATGGTCCTGG-TCGGACGTGT_R2.fastq.gz","Cozumel","2024_sep_27","Under restoration","Rizophora mangle","C7 Playa","Intermediate restoration","2017",20.54896,-86.843595,20,1.07370499933333,0.0560446986666667,0.166286703,-0.0785922086666667,0.200349431,0.152017250666667,0.133574464333333,0.865312195333333,0.196733726333333,0.121867659666667,30.6666666666667,35.4333333333333,6.66333333333333,-43.6666666666667,0.775362318666667,2.956989247,8.66666666666667,2060.53108633333,4.62267686166667,1151.30724043333,2076658,"Intermediate restoration",20.54896,0.843486959219381,-3.3956837521598,0.0742096912801226,-40.1846699900867,-0.751728419002457
"CZ2_3","CZ2_3","CZ2_3_15477AAG_TGGAACGGAA-TAAGAGTCCA_R1.fastq.gz","CZ2_3_15477AAG_TGGAACGGAA-TAAGAGTCCA_R2.fastq.gz","Cozumel","2024_sep_27","Under restoration","Rizophora mangle","C7 Playa","Intermediate restoration","2017",20.54896,-86.843595,5,1.07370499933333,0.0560446986666667,0.166286703,-0.0785922086666667,0.200349431,0.152017250666667,0.133574464333333,0.865312195333333,0.196733726333333,0.121867659666667,30.4,31.0333333333333,6.88666666666667,-11.3333333333333,0.768115942,2.688172043,3.8,903.463630366667,0.506892537333333,290.035864633333,2953943,"Intermediate restoration",20.54896,2.70567072343919,-2.66625220136186,-1.48652461244538,-39.5069833331904,-0.720919610991827
"CZ3_1","CZ3_1","CZ3_1_15478AAG_TTGCTCACCA-GTGGACGCTA_R1.fastq.gz","CZ3_1_15478AAG_TTGCTCACCA-GTGGACGCTA_R2.fastq.gz","Cozumel","2024_sep_27","Conserved","Rizophora mangle","C8 Chaparro","Coz6_Nat","Preserved",20.542455,-86.856454,40,0.321377094333333,0.561643806,0.0668431726666667,-0.507644846,0.0529651906666667,-0.156641636,0.0112652216666667,0,0.380569096666667,0.0589829396666667,30.7666666666667,45.5333333333333,6.27666666666667,-8.33333333333333,0.565217391,3.440860215,1.5,891.575950933333,0.109845787,261.188211433333,1240530,"Conserved",20.54246,1.37209345934881,4.18698831350173,-0.688472394503397,-1.652735367544,1
"CZ3_2","CZ3_2","CZ3_2_15479AAG_AGACCGAATG-CCATGTCCTA_R1.fastq.gz","CZ3_2_15479AAG_AGACCGAATG-CCATGTCCTA_R2.fastq.gz","Cozumel","2024_sep_27","Conserved","Rizophora mangle","C8 Chaparro","Coz6_Nat","Preserved",20.542455,-86.856454,20,0.321377094333333,0.561643806,0.0668431726666667,-0.507644846,0.0529651906666667,-0.156641636,0.0112652216666667,0,0.380569096666667,0.0589829396666667,31.2666666666667,37.0333333333333,6.47333333333333,-3,0.666666666666667,4.40860215066667,3.2,760.811478233333,0.029749901,198.295129673333,1601839,"Conserved",20.54246,0.988266130462847,4.09206273734065,-0.902224375913849,-2.423307675523,0.964968449572905
"CZ3_3","CZ3_3","CZ3_3_15480AAG_GCACCGCTAT-GATGCTTCTG_R1.fastq.gz","CZ3_3_15480AAG_GCACCGCTAT-GATGCTTCTG_R2.fastq.gz","Cozumel","2024_sep_27","Conserved","Rizophora mangle","C8 Chaparro","Coz6_Nat","Preserved",20.542455,-86.856454,5,0.321377094333333,0.561643806,0.0668431726666667,-0.507644846,0.0529651906666667,-0.156641636,0.0112652216666667,0,0.380569096666667,0.0589829396666667,31.2666666666667,32.2666666666667,6.49666666666667,-14,1.239130435,2.41935483866667,3.5,832.1375541,0.25859529,225.3235615,476093,"Conserved",20.54246,1.2959785788091,3.97736217843837,-1.02406992537138,-2.71634404286958,0.951646509278168
"CZ4_1","CZ4_1","CZ4_1_15481AAG_TAGTAACCGA-ATGCTGATTC_R1.fastq.gz","CZ4_1_15481AAG_TAGTAACCGA-ATGCTGATTC_R2.fastq.gz","Cozumel","2024_sep_28","Under restoration","Rizophora mangle","C3","Intermediate restoration","2018",20.54863,-86.816359,40,1.10097437633333,0.052556802,0.183156768333333,-0.062303141,0.185534102333333,0.181900612666667,0.084381233,0.955423280333334,0.253411781666667,0.121955398333333,31.1333333333333,46.7333333333333,6.43666666666667,-37.3333333333333,0.898550724666667,2.47311827966667,3.23333333333333,1921.84149433333,0.778074323333333,1403.3993452,1457884,"Intermediate restoration",20.54863,2.1696831571285,-2.80539736518464,-0.257315051597229,-41.6223058645928,-0.81708583337107
"CZ4_2","CZ4_2","CZ4_2_15482AAG_CCGACTATCG-CACCTCAGCT_R1.fastq.gz","CZ4_2_15482AAG_CCGACTATCG-CACCTCAGCT_R2.fastq.gz","Cozumel","2024_sep_28","Under restoration","Rizophora mangle","C3","Intermediate restoration","2018",20.54863,-86.816359,20,1.10097437633333,0.052556802,0.183156768333333,-0.062303141,0.185534102333333,0.181900612666667,0.084381233,0.955423280333334,0.253411781666667,0.121955398333333,30.4333333333333,39,6.34333333333333,-25,1.36231884033333,2.95698924733333,7.56666666666667,1799.0021407,1.40739914366667,1348.82270393333,2565185,"Intermediate restoration",20.54863,1.58654605457502,-2.82930523930638,0.125283223840273,-41.6606759389284,-0.818830203341361
"CZ4_3","CZ4_3","CZ4_3_15483AAG_CCTAATGTGG-CTGTCTCTGG_R1.fastq.gz","CZ4_3_15483AAG_CCTAATGTGG-CTGTCTCTGG_R2.fastq.gz","Cozumel","2024_sep_28","Under restoration","Rizophora mangle","C3","Intermediate restoration","2018",20.54863,-86.816359,5,1.10097437633333,0.052556802,0.183156768333333,-0.062303141,0.185534102333333,0.181900612666667,0.084381233,0.955423280333334,0.253411781666667,0.121955398333333,30.1,28.6333333333333,6.84666666666667,-9.66666666666667,1.036231884,2.795698925,3.76666666666667,895.5385105,0.0984035176666667,389.833151413333,2422839,"Intermediate restoration",20.54863,2.69105628601833,-2.29539639954863,-1.59124484857254,-41.6771913312229,-0.819581021651335
"CZ5_1","CZ5_1","CZ5_1_15484AAG_GCTCTATCCG-TGTTAGTCGT_R1.fastq.gz","CZ5_1_15484AAG_GCTCTATCCG-TGTTAGTCGT_R2.fastq.gz","Cozumel","2024_sep_28","Under restoration","Rizophora mangle","C1 camas","Advanced restoration","2014",20.549906,-86.810249,40,1.08970988666667,0.164097316,0.18927095,-0.167224844666667,0.174188096,0.106344039,0.0954151526666667,0.841854602666667,0.310827387666667,0.116791801,30.9,51.2666666666667,6.17666666666667,-1,1.68115942033333,2.58064516133333,3.4,2020.905489,0.197951261666667,554.862518966667,2640717,"Advanced restoration",20.54991,2.76769369117831,-1.52277133436408,0.491783888381419,-40.2159589780826,-0.753150870535483
"CZ5_2","CZ5_2","CZ5_2_15485AAG_ACCACTGTTA-GTATCTTGCT_R1.fastq.gz","CZ5_2_15485AAG_ACCACTGTTA-GTATCTTGCT_R2.fastq.gz","Cozumel","2024_sep_28","Under restoration","Rizophora mangle","C1 camas","Advanced restoration","2014",20.549906,-86.810249,20,1.08970988666667,0.164097316,0.18927095,-0.167224844666667,0.174188096,0.106344039,0.0954151526666667,0.841854602666667,0.310827387666667,0.116791801,30.4,51.0333333333333,6.14666666666667,5.33333333333333,4.99275362266667,2.688172043,4.56666666666667,1085.7413803,0.0984035176666667,443.110348766667,1924383,"Advanced restoration",20.54991,2.12243416663316,-1.55363082864039,1.00021848730493,-41.2295065579687,-0.799228497238887
"CZ5_3","CZ5_3","CZ5_3_15486AAG_AGTCGCATGG-AGAAGGAGGT_R1.fastq.gz","CZ5_3_15486AAG_AGTCGCATGG-AGAAGGAGGT_R2.fastq.gz","Cozumel","2024_sep_28","Under restoration","Rizophora mangle","C1 camas","Advanced restoration","2014",20.549906,-86.810249,5,1.08970988666667,0.164097316,0.18927095,-0.167224844666667,0.174188096,0.106344039,0.0954151526666667,0.841854602666667,0.310827387666667,0.116791801,31.3,42.6666666666667,6.47,-1.33333333333333,1.275362319,2.956989247,3.53333333333333,840.062673733333,0.05263444,223.504340166667,2357403,"Advanced restoration",20.54991,3.01698258768653,-1.41527627702106,-0.360711779957849,-40.0711178880696,-0.746566143967753
"CZ6_1","CZ6_1","CZ6_1_15487AAG_ACACTCTCAA-TGCATCGTGC_R1.fastq.gz","CZ6_1_15487AAG_ACACTCTCAA-TGCATCGTGC_R2.fastq.gz","Cozumel","2024_sep_28","Under restoration","Rizophora mangle","","Early restoration","2023",20.54906,-86.786705,40,1.22536170366667,0.0712438673333333,0.186907612666667,-0.118153743333333,0.148964364,0.0382888666666667,0.0444363066666667,0.804420750333333,0.176554550666667,0.117676230333333,31.6666666666667,28.9333333333333,6.40666666666667,-62,2.956521739,4.623655914,10.1333333333333,6023.090868,2.84912509566667,1476.1682,1688087,"Early restoration",20.54906,-1.24147059362433,-2.40711676209831,1.2117445457297,-41.9712601187096,-0.832949897552016
"CZ6_2","CZ6_2","CZ6_2_15488AAG_TAGTACAGGC-GCTCCTAGTC_R1.fastq.gz","CZ6_2_15488AAG_TAGTACAGGC-GCTCCTAGTC_R2.fastq.gz","Cozumel","2024_sep_28","Under restoration","Rizophora mangle","","Early restoration","2023",20.54906,-86.786705,20,1.22536170366667,0.0712438673333333,0.186907612666667,-0.118153743333333,0.148964364,0.0382888666666667,0.0444363066666667,0.804420750333333,0.176554550666667,0.117676230333333,31.7333333333333,28.9,6.34,-56,1.49275362333333,3.65591397866667,9.46666666666667,4438.06695533333,2.63172197566667,1695.77420866667,1984007,"Early restoration",20.54906,-0.246637098383368,-2.24037037868757,0.644969249614347,-41.4412730764826,-0.808855769586043
"CZ6_3","CZ6_3","CZ6_3_15489AAG_GTGTCTGGAT-CAATGATTGG_R1.fastq.gz","CZ6_3_15489AAG_GTGTCTGGAT-CAATGATTGG_R2.fastq.gz","Cozumel","2024_sep_28","Under restoration","Rizophora mangle","","Early restoration","2023",20.54906,-86.786705,5,1.22536170366667,0.0712438673333333,0.186907612666667,-0.118153743333333,0.148964364,0.0382888666666667,0.0444363066666667,0.804420750333333,0.176554550666667,0.117676230333333,31.8333333333333,24.6,7.09333333333333,111,1.224637681,2.365591398,1.03333333333333,245.678706466667,0.010298043,7.06897447866667,2144564,"Early restoration",20.54906,3.72396661396875,-0.84920283413251,-2.93846251758655,-41.7723177085697,-0.823905631360853
"TX1_1","TX1_1","TX1_1_15514AAG_AAGTGAGGTT-TCAGATTGGT_R1.fastq.gz","TX1_1_15514AAG_AAGTGAGGTT-TCAGATTGGT_R2.fastq.gz","Tuxpan","2024_oct_03","Conserved","Rizophora mangle","","","Preserved",21.005525,-97.33949,40,0.253128442666667,0.443104841333333,0.0819952446666667,-0.406064517333333,0.0751845856666667,-0.125964360666667,0.0445578083333333,0.064386447,0.294390406333333,0.0370934413333333,28.7666666666667,51.6666666666667,6.62,-107.333333333333,3.41304347833333,6.612903226,9.7,5765.524482,6.17882550833333,1815.32304166667,2241069,"Conserved",21.00552,-4.66744997735565,1.55221965524901,1.98878911200147,-9.8969900860553,0.482393923253103
"TX1_2","TX1_2","TX1_2_15515AAG_AACCATCAAG-CCATTGCTCA_R1.fastq.gz","TX1_2_15515AAG_AACCATCAAG-CCATTGCTCA_R2.fastq.gz","Tuxpan","2024_oct_03","Conserved","Rizophora mangle","","","Preserved",21.005525,-97.33949,20,0.253128442666667,0.443104841333333,0.0819952446666667,-0.406064517333333,0.0751845856666667,-0.125964360666667,0.0445578083333333,0.064386447,0.294390406333333,0.0370934413333333,28.7333333333333,49.9333333333333,6.65333333333333,-105.333333333333,1.652173913,6.29032258066667,14.1,8380.813938,10.6184260566667,2523.51993366667,3396212,"Conserved",21.00552,-6.022714243874,0.9407476163602,2.85692341068611,-13.5398032723367,-0.380197650208867
"TX1_3","TX1_3","TX1_3_15516AAG_AACAGTCTTC-GTGACTTAAG_R1.fastq.gz","TX1_3_15516AAG_AACAGTCTTC-GTGACTTAAG_R2.fastq.gz","Tuxpan","2024_oct_03","Conserved","Rizophora mangle","","","Preserved",21.005525,-97.33949,5,0.253128442666667,0.443104841333333,0.0819952446666667,-0.406064517333333,0.0751845856666667,-0.125964360666667,0.0445578083333333,0.064386447,0.294390406333333,0.0370934413333333,28.5666666666667,45.05,6.67333333333333,-100,1.43478260833333,4.94623655933333,10.1,3518.753086,3.87892934666667,1348.82270383333,4167795,"Conserved",21.00552,-2.79453459827822,2.03271110061457,0.557483395047079,-7.71108623574821,1
"TX2_1","TX2_1","TX2_1_15517AAG_AGCCACCTAC-CTCTCTCCTA_R1.fastq.gz","TX2_1_15517AAG_AGCCACCTAC-CTCTCTCCTA_R2.fastq.gz","Tuxpan","2024_oct_03","Conserved","Avicennia germinans","","","Preserved",21.013297,-97.342086,40,0.764192075666667,0.371345920333333,0.0461346536666667,-0.334534416333333,0.0393420336666667,-0.127466336666667,0.029102753,0,0.20945294,0.0405485186666667,29.1,62.1666666666667,6.64,-38,2.47826086933333,4.46236559133333,4.03333333333333,2397.348668,2.940663251,474.2970009,2678602,"Conserved",21.0133,-1.71899408339445,2.51088171966046,-0.89733015196886,-8.86499524124306,0.726762769930071
"TX2_2","TX2_2","TX2_2_15518AAG_ATTACCTGGT-TAATCACTCG_R1.fastq.gz","TX2_2_15518AAG_ATTACCTGGT-TAATCACTCG_R2.fastq.gz","Tuxpan","2024_oct_03","Conserved","Avicennia germinans","","","Preserved",21.013297,-97.342086,20,0.764192075666667,0.371345920333333,0.0461346536666667,-0.334534416333333,0.0393420336666667,-0.127466336666667,0.029102753,0,0.20945294,0.0405485186666667,28.7,56.3333333333333,6.58333333333333,-51.3333333333333,1.77536231866667,3.49462365566667,3.93333333333333,2337.910271,3.79883346066667,884.9212536,3336311,"Conserved",21.0133,-1.60571737038919,2.44859864824883,-0.935633602082484,-8.2620555083285,0.869534497801305
"TX2_3","TX2_3","TX2_3_15519AAG_ACGATATTGC-CGGTGCTAAG_R1.fastq.gz","TX2_3_15519AAG_ACGATATTGC-CGGTGCTAAG_R2.fastq.gz","Tuxpan","2024_oct_03","Conserved","Avicennia germinans","","","Preserved",21.013297,-97.342086,5,0.764192075666667,0.371345920333333,0.0461346536666667,-0.334534416333333,0.0393420336666667,-0.127466336666667,0.029102753,0,0.20945294,0.0405485186666667,29.0666666666667,47.9666666666667,6.63,-57,2.62318840566667,3.817204301,7.86666666666667,1870.328217,4.07344792766667,875.825146766667,5005449,"Conserved",21.0133,-2.21604556683446,2.23237986130995,-0.736504398952214,-8.22388439568791,0.878573138662011
"TX3_1","TX3_1","TX3_1_15520AAG_AGAGTAATGC-CTTACTCAGT_R1.fastq.gz","TX3_1_15520AAG_AGAGTAATGC-CTTACTCAGT_R2.fastq.gz","Tuxpan","2024_oct_04","Degraded","Rizophora mangle","","","Degraded",21.045188,-97.357883,40,0.613091832,0.0864854423333333,0.077813938,-0.0917708823333334,0.0730166176666667,-0.0503293056666667,0.051448986,0.105659345,0.0463116033333333,0.0481179433333333,29.5333333333333,89.5666666666667,6.58333333333333,-65.6666666666667,1.579710145,4.73118279533333,4.2,2496.41266233333,2.76815387566667,1031.75840753333,4131945,"Degraded",21.04519,-2.13863248702333,-0.123366194290586,-1.05286704982569,-16.1572925246901,-1
"TX3_2","TX3_2","TX3_2_15521AAG_TCGAAGGAGT-TTCCAACTTG_R1.fastq.gz","TX3_2_15521AAG_TCGAAGGAGT-TTCCAACTTG_R2.fastq.gz","Tuxpan","2024_oct_04","Degraded","Rizophora mangle","","","Degraded",21.045188,-97.357883,20,0.613091832,0.0864854423333333,0.077813938,-0.0917708823333334,0.0730166176666667,-0.0503293056666667,0.051448986,0.105659345,0.0463116033333333,0.0481179433333333,29.6,80.6,6.78,-64,1.60144927533333,5.59139784933333,5.9,3506.86540666667,3.83831501133333,1616.50813463333,3009003,"Degraded",21.04519,-3.16710278834659,-0.451691409369139,-0.80143838309354,-15.535375278124,-0.852734535413783
"TX3_3","TX3_3","TX3_3_15522AAG_CAAGGCTCTG-GTCAAGCACA_R1.fastq.gz","TX3_3_15522AAG_CAAGGCTCTG-GTCAAGCACA_R2.fastq.gz","Tuxpan","2024_oct_04","Degraded","Rizophora mangle","","","Degraded",21.045188,-97.357883,5,0.613091832,0.0864854423333333,0.077813938,-0.0917708823333334,0.0730166176666667,-0.0503293056666667,0.051448986,0.105659345,0.0463116033333333,0.0481179433333333,29.5,60.8666666666667,6.92666666666667,-78.3333333333333,1.67391304333333,4.35483870966667,13.0333333333333,3098.721749,2.47905349533333,1989.448516,2558287,"Degraded",21.04519,-3.46908044367353,-0.750575394391726,-1.00678993304763,-15.8366484923009,-0.924073833524777
"TX4_1","TX4_1","TX4_1_15523AAG_CGATCTTCTC-ATCGTGCTAC_R1.fastq.gz","TX4_1_15523AAG_CGATCTTCTC-ATCGTGCTAC_R2.fastq.gz","Tuxpan","2024_oct_04","Under restoration","Rizophora mangle","","Advanced restoration","2019",21.015613,-97.341168,40,0.775574479333333,0.340097819666667,0.052910638,-0.309966252666667,0.04599142,-0.084552272,0.046485215,0.001061571,0.226868329333333,0.025406804,29.1,48.1666666666667,6.67666666666667,-48.3333333333333,1.59420289866667,3.70967741933333,5.26666666666667,1252.168891,1.330346901,764.072976666667,4145435,"Advanced restoration",21.01561,-1.01010714208106,2.1722875908854,-1.56539454253097,-10.415969873281,0.359503297693743
"TX4_2","TX4_2","TX4_2_15524AAG_TTGTACTCGC-GCGGCGTAAT_R1.fastq.gz","TX4_2_15524AAG_TTGTACTCGC-GCGGCGTAAT_R2.fastq.gz","Tuxpan","2024_oct_04","Under restoration","Rizophora mangle","","Advanced restoration","2019",21.015613,-97.341168,20,0.775574479333333,0.340097819666667,0.052910638,-0.309966252666667,0.04599142,-0.084552272,0.046485215,0.001061571,0.226868329333333,0.025406804,28.7666666666667,46.4666666666667,6.63666666666667,-49,2.50724637666667,4.94623655933333,10,2377.53586866667,2.99477374333333,910.910130433333,3039992,"Advanced restoration",21.01561,-2.55976407973552,1.83853714644535,-0.57741140711795,-7.94078643357253,0.945608669746784
"TX4_3","TX4_3","TX4_3_15525AAG_ACGGTACTTA-TAACCTTGTC_R1.fastq.gz","TX4_3_15525AAG_ACGGTACTTA-TAACCTTGTC_R2.fastq.gz","Tuxpan","2024_oct_04","Under restoration","Rizophora mangle","","Advanced restoration","2019",21.015613,-97.341168,5,0.775574479333333,0.340097819666667,0.052910638,-0.309966252666667,0.04599142,-0.084552272,0.046485215,0.001061571,0.226868329333333,0.025406804,29.2666666666667,0.775574479333333,6.75,-52,2.10869565233333,5.75268817233333,8,1902.028695,2.68811520066667,1070.74172256667,2939929,"Advanced restoration",21.01561,-2.09972395802551,1.96299381762644,-1.55687543577904,-10.6685093460638,0.299703793835211
"TX5_1","TX5_1","TX5_1_15526AAG_ACTCCACTAA-CATAGAACGC_R1.fastq.gz","TX5_1_15526AAG_ACTCCACTAA-CATAGAACGC_R2.fastq.gz","Tuxpan","2024_oct_04","Under restoration","Rizophora mangle","","Intermediate restoration","2019",21.013925,-97.340314,40,1.157549873,0.318905857333333,0.0762394243333333,-0.300320964,0.0653522466666667,-0.105266268666667,0.0508414246666667,0,0.197009612333333,0.0316759643333333,28.6666666666667,40.4333333333333,6.79,-48.6666666666667,1.44927536233333,4.62365591366667,7.2,1711.825826,1.76205228566667,506.783096833333,11623734,"Intermediate restoration",21.01393,-1.38334221098153,1.93990312438221,-1.40915786954582,-10.9876740026542,0.224127932751103
"TX5_2","TX5_2","TX5_2_15527AAG_TGATCGAGGC-AATAGTGACG_R1.fastq.gz","TX5_2_15527AAG_TGATCGAGGC-AATAGTGACG_R2.fastq.gz","Tuxpan","2024_oct_04","Under restoration","Rizophora mangle","","Intermediate restoration","2019",21.013925,-97.340314,20,1.157549873,0.318905857333333,0.0762394243333333,-0.300320964,0.0653522466666667,-0.105266268666667,0.0508414246666667,0,0.197009612333333,0.0316759643333333,28.4333333333333,34.2666666666667,6.75666666666667,-72.6666666666667,1.68115942033333,4.569892473,9.13333333333334,2171.48276033333,2.122089015,1234.471646,3017749,"Intermediate restoration",21.01393,-2.17702955817475,1.62184399105554,-0.915260734548176,-9.53283142877033,0.568624035288549
"TX5_3","TX5_3","TX5_3_15528AAG_CAACAGACAA-CTGAGAAGGT_R1.fastq.gz","TX5_3_15528AAG_CAACAGACAA-CTGAGAAGGT_R2.fastq.gz","Tuxpan","2024_oct_04","Under restoration","Rizophora mangle","","Intermediate restoration","2019",21.013925,-97.340314,5,1.157549873,0.318905857333333,0.0762394243333333,-0.300320964,0.0653522466666667,-0.105266268666667,0.0508414246666667,0,0.197009612333333,0.0316759643333333,28.1333333333333,30.0333333333333,6.99,-32,1.42028985533333,3.17204301066667,7.36666666666667,1751.4514232,0.863467980333333,832.943500213333,3720072,"Intermediate restoration",21.01393,-0.927621960514373,1.96765718851945,-1.98012227685353,-12.7166805345717,-0.18528819391425
"TX6_1","TX6_1","TX6_1_15529AAG_TGTTAACCAG-CGTTAATCCA_R1.fastq.gz","TX6_1_15529AAG_TGTTAACCAG-CGTTAATCCA_R2.fastq.gz","Tuxpan","2024_oct_05","Under restoration","Rizophora mangle","","Early restoration","2019",21.01265,-97.339472,40,1.460814996,0.253182852666667,0.074481874,-0.245841594,0.0670485096666667,-0.0611933166666667,0.0496313213333333,0.0434991286666667,0.179846323666667,0.0371076013333333,28.6,49.6333333333333,6.84333333333333,-59.6666666666667,1.29710144933333,4.139784946,3.33333333333333,1981.27989066667,2.112197173,714.694110933333,2811166,"Early restoration",21.01265,-1.17644446523666,1.43432305692925,-1.73239827839158,-11.5643022499462,0.0875865726266241
"TX6_2","TX6_2","TX6_2_15530AAG_AGTCCTAGAG-CTTATCCAGA_R1.fastq.gz","TX6_2_15530AAG_AGTCCTAGAG-CTTATCCAGA_R2.fastq.gz","Tuxpan","2024_oct_05","Under restoration","Rizophora mangle","","Early restoration","2019",21.01265,-97.339472,20,1.460814996,0.253182852666667,0.074481874,-0.245841594,0.0670485096666667,-0.0611933166666667,0.0496313213333333,0.0434991286666667,0.179846323666667,0.0371076013333333,28.5333333333333,43.0333333333333,6.92666666666667,-64.3333333333333,1.36956521733333,3.494623656,4,2377.535869,1.75216044333333,984.978429233333,2474070,"Early restoration",21.01265,-1.23343886941388,1.31440196077395,-1.81932449359916,-11.4721966018465,0.109396517813573
"TX6_3","TX6_3","TX6_3_15531AAG_AACCGTTGCT-GACTCTTACT_R1.fastq.gz","TX6_3_15531AAG_AACCGTTGCT-GACTCTTACT_R2.fastq.gz","Tuxpan","2024_oct_05","Under restoration","Rizophora mangle","","Early restoration","2019",21.01265,-97.339472,5,1.460814996,0.253182852666667,0.074481874,-0.245841594,0.0670485096666667,-0.0611933166666667,0.0496313213333333,0.0434991286666667,0.179846323666667,0.0371076013333333,27.7666666666667,31.1,6.85666666666667,-69,1.41304347833333,5.376344086,10.4333333333333,2480.56242333333,2.82925559466667,1429.388222,514395,"Early restoration",21.01265,-2.77067403030971,1.07375333233159,-1.0645010730412,-11.1851122726106,0.177375991535818
