path	sha256	prepared_source_sha256	change
workflow/00_preflight/00_01_audit_cohort.R	ab7824fa94504f81b7fa391e4402a3d75164c0aa348b98f48c52a46c2ea36bc2	ab7824fa94504f81b7fa391e4402a3d75164c0aa348b98f48c52a46c2ea36bc2	unchanged
workflow/00_preflight/00_02_audit_read_ids.R	2139eb44e3df283fa681b6d59e4db02a17e56fa12bee5945da7bcf5df3ed10d2	2139eb44e3df283fa681b6d59e4db02a17e56fa12bee5945da7bcf5df3ed10d2	unchanged
workflow/01_environment_indices/01_01_environmental_axes.R	48bb0f9ba0a83e646e206d858eabd0473678424bfce11118ac28cd2c6cc6d152	48bb0f9ba0a83e646e206d858eabd0473678424bfce11118ac28cd2c6cc6d152	unchanged
workflow/01_environment_indices/01_02_integrate_archived_axes.R	4228dd6500d1cbac22c0893d330b305abaf6dc5089253a12bbfb879b44e98872	4228dd6500d1cbac22c0893d330b305abaf6dc5089253a12bbfb879b44e98872	unchanged
workflow/01_environment_indices/01_03_import_corrected_MHI.py	6f8bce9d666c7193a9ba73c6f39c3a89732f4813f603b5b46015f921d55cf179	6f8bce9d666c7193a9ba73c6f39c3a89732f4813f603b5b46015f921d55cf179	unchanged
workflow/01_environment_indices/01_04_historical_HI.R	50bb4d0207d26a0625f63c431da717b4777078db695d1948a3710eb6080a207d	50bb4d0207d26a0625f63c431da717b4777078db695d1948a3710eb6080a207d	unchanged
workflow/01_environment_indices/01_05_historical_HI_input.R	ba53f6c83a774492e21824fb1440c76f60d90f7d3fb3b93532bffa80ec771941	ba53f6c83a774492e21824fb1440c76f60d90f7d3fb3b93532bffa80ec771941	unchanged
workflow/02_metagenomics/02_01_inventory_genes.R	5ce4f35b06c370993362176af761988a7215082982e7c61a9a2289a621a587a9	5ce4f35b06c370993362176af761988a7215082982e7c61a9a2289a621a587a9	unchanged
workflow/02_metagenomics/02_02_filter_gene_counts.py	0679954ef616cedae0534bcc6c3fac01e91584827e512468094c1cd10b32a02f	0679954ef616cedae0534bcc6c3fac01e91584827e512468094c1cd10b32a02f	unchanged
workflow/02_metagenomics/02_03_aggregate_KO_PFAM.py	257c09c27b37ad2330cec704ea0ab2a09aa86e8eff9274cc1c9644bde3e6b6a5	257c09c27b37ad2330cec704ea0ab2a09aa86e8eff9274cc1c9644bde3e6b6a5	unchanged
workflow/03_taxonomic_structure/03_01_distributional_screen.R	857e785deb25de07e259c72e04be5756d3397f84789d94e19fa63ed168e511b6	857e785deb25de07e259c72e04be5756d3397f84789d94e19fa63ed168e511b6	unchanged
workflow/03_taxonomic_structure/03_02_candidate_matrices.R	47aa5a82c64194a7fd8cc0c0a4f063412fc2be2ef723e16a65755871730607b4	47aa5a82c64194a7fd8cc0c0a4f063412fc2be2ef723e16a65755871730607b4	unchanged
workflow/03_taxonomic_structure/03_03_diversity_composition.R	bb78d0d77b9abe7ca88ae20516b8a8ba1c26bb285088c1aaaf2073beba2a7a59	bb78d0d77b9abe7ca88ae20516b8a8ba1c26bb285088c1aaaf2073beba2a7a59	unchanged
workflow/03_taxonomic_structure/03_04_depth_variance_partition.R	8a54a868a7223cea3cf67e51441a685eecbe6c3d1e5bb0a8ea0368364d18e453	8a54a868a7223cea3cf67e51441a685eecbe6c3d1e5bb0a8ea0368364d18e453	unchanged
workflow/04_taxonomic_change_points/04_01_global_TITAN.R	12aebddeffaf25ea2aef1854580ce4622a5f347ab0cb1045c20ccd8006f439c1	12aebddeffaf25ea2aef1854580ce4622a5f347ab0cb1045c20ccd8006f439c1	unchanged
workflow/04_taxonomic_change_points/04_02_extract_IndVal.R	14e62ee6eaea18a3e638ae571aedd07c2414346ad91f455e13f521f1105503ea	14e62ee6eaea18a3e638ae571aedd07c2414346ad91f455e13f521f1105503ea	unchanged
workflow/04_taxonomic_change_points/04_03_annotate_indicators.R	61fc6d8fef95d0cdec97f674021f1b29cb5693edb682967b3b6ad94af09e5405	61fc6d8fef95d0cdec97f674021f1b29cb5693edb682967b3b6ad94af09e5405	unchanged
workflow/04_taxonomic_change_points/04_04_plot_global_TITAN.R	1909603c793564286962ca1eefad122ce73406e343f18dd4e5435c747dde5463	1909603c793564286962ca1eefad122ce73406e343f18dd4e5435c747dde5463	unchanged
workflow/04_taxonomic_change_points/04_05_depth_TITAN.R	b4ac50dcc2a31c06d37c224e38b037a82a8529b352f3959d40d1c6b08b924ff7	b4ac50dcc2a31c06d37c224e38b037a82a8529b352f3959d40d1c6b08b924ff7	unchanged
workflow/05_functional_reference/05_00_run_primary_composition.sh	80baecef2eb04786b32bb8970b82ffa150fca00d72ff8ddb50aa875331afe838	80baecef2eb04786b32bb8970b82ffa150fca00d72ff8ddb50aa875331afe838	unchanged
workflow/05_functional_reference/05_01_composition_reference.R	3319d740fb1af54d719b0ca42ae05891e8dd095277e7db602135624fdb0631c4	3319d740fb1af54d719b0ca42ae05891e8dd095277e7db602135624fdb0631c4	unchanged
workflow/05_functional_reference/05_02_partial_dbRDA.R	7f6b8729cfb0313772f07a1f7735bf083c1304a0c80d17f968afa8ec80ede69b	7f6b8729cfb0313772f07a1f7735bf083c1304a0c80d17f968afa8ec80ede69b	unchanged
workflow/05_functional_reference/05_03_depth_reference_contrasts.R	946c94d653fbf61bf69908959f3715faacbbf6d7c2c61280579e0e456a3e8adc	946c94d653fbf61bf69908959f3715faacbbf6d7c2c61280579e0e456a3e8adc	unchanged
workflow/05_functional_reference/05_04_run_convergence_sensitivity.sh	28a03565a454713920dcdd5555eb5dcc6a3ced24d719fae5f6b24bcba0c39c6e	28a03565a454713920dcdd5555eb5dcc6a3ced24d719fae5f6b24bcba0c39c6e	unchanged
workflow/05_functional_reference/convergence808/scripts/808_functional_convergence.py	8eb1e15369a8b4f78667924e5081d61bdc4a1a40768050ca458f09151205c344	8eb1e15369a8b4f78667924e5081d61bdc4a1a40768050ca458f09151205c344	unchanged
workflow/05_functional_reference/convergence808/scripts/808_validate.py	6cadec9390a57d572e409e6284d1fd532a56da97bbc214ff68b479794689e27a	6cadec9390a57d572e409e6284d1fd532a56da97bbc214ff68b479794689e27a	unchanged
workflow/05_functional_reference/convergence808/scripts/run_808.sh	f0551d20ad4680ca559e6a79fd1d5a505c90eca5e6f8831762516e6cac6abd48	f0551d20ad4680ca559e6a79fd1d5a505c90eca5e6f8831762516e6cac6abd48	unchanged
workflow/05_functional_reference/convergence808/scripts/run_808_landalab.sh	49b3c912a6af10fa1004ad4ba48b6ee6f35fc0a6de85806efa1ea794347baa95	49b3c912a6af10fa1004ad4ba48b6ee6f35fc0a6de85806efa1ea794347baa95	unchanged
workflow/06_gene_associations/06_01_full_catalogue_CLR.py	708fb28fb43616e6807461738fa39fd549abdbb84d0fa0ce9b776c0669a55c46	708fb28fb43616e6807461738fa39fd549abdbb84d0fa0ce9b776c0669a55c46	unchanged
workflow/06_gene_associations/06_02_MHI_mixed_models.R	ebd92056ef281b9a5a2d4a73f05e2a6c9d9e9bb4cae1a1ff19a379445893615e	ebd92056ef281b9a5a2d4a73f05e2a6c9d9e9bb4cae1a1ff19a379445893615e	unchanged
workflow/06_gene_associations/06_03_environment_mixed_models.R	e2ca005bba83ed6f47ee491ad2583990860570d6c60d4970486b38bd2c3a0495	e2ca005bba83ed6f47ee491ad2583990860570d6c60d4970486b38bd2c3a0495	unchanged
workflow/06_gene_associations/06_04_annotate_gene_results.py	6ee892826c200c00223ed06185e256862f2b802daa16f537a974119287746eb8	6ee892826c200c00223ed06185e256862f2b802daa16f537a974119287746eb8	unchanged
workflow/07_networks/07_00_select_features.py	f968663ac1132b442a4a64cd3d0a981fdf0cc378acab164ff601e3bae4ef5007	f968663ac1132b442a4a64cd3d0a981fdf0cc378acab164ff601e3bae4ef5007	unchanged
workflow/07_networks/07_01_run_residual_networks.sh	6cfecea35c4ba4ac22fdc2c1d9c6e8dbd3ef6d196c1ad76bfdc00dcac56199b5	6cfecea35c4ba4ac22fdc2c1d9c6e8dbd3ef6d196c1ad76bfdc00dcac56199b5	unchanged
workflow/07_networks/network809/scripts/809_profile_deletion.py	1aab2cda4137bedaa4bd29e95cc9e52e140aa2c2e112636a2aaea43858e574f4	35c38c7d3d8a6082076783d37587f50b4f53645457ea9354b4da9634287f0640	see MINIMAL_CHANGES.md
workflow/07_networks/network809/scripts/809_residual_networks.py	a228096032551440f4d0776bd1cbde96a88df87b81ea285361f254bac46575e2	6e7efaf8f760b33139c9e2530c54140e0a4c52becff32bf936a546d66bfbab66	see MINIMAL_CHANGES.md
workflow/07_networks/network809/scripts/809_validate.py	a79bcbdc3e551c3fea0eebde1aab32e4f2d076a8c2aef73bff3330d5b2636907	0792d7a3854520af72d60a053b779987144d7a5ced993d2df142361796ecdced	see MINIMAL_CHANGES.md
workflow/07_networks/network809/scripts/network_statistics.py	fc41dab703c0ca95ed4ec84773c265572e8142505fc9236d29185c2725deebab		new minimal-input utility or extracted numerical module
workflow/07_networks/network809/scripts/run_809.sh	65515375f1be232a55be2c678fabee564361a5cca17c52c5dd8ee6e99752fdd9	292ef3616f03386f798039642f63ee715b2746f11ab6a669da61f11a97533301	see MINIMAL_CHANGES.md
workflow/07_networks/network809/scripts/run_809_diagnostic.sh	2587c36956d6a403b8cbb91a79029dc028db0ab0a69a824b82849bfb9adf457d	e015fe73ce3b839d447e6282362b2386a7140129cfa70e3c26c2c4d23391c486	see MINIMAL_CHANGES.md
workflow/07_networks/network809/scripts/run_809_landalab.sh	904f09e09f35e14825d6471f29109c5304d707f22a25a1c1e8f5826546d08db1	e47612efa7e5e08f17747857369668a64d8cdc3b179d7199e38e1c609561ac43	see MINIMAL_CHANGES.md
workflow/08_figures_tables/08_01_reproduce_figure4.py	a91be6680daaee7eeafab40c8091fd3c74b432e1293bdf8231e1f52c7fe9c308	a91be6680daaee7eeafab40c8091fd3c74b432e1293bdf8231e1f52c7fe9c308	unchanged
workflow/08_figures_tables/08_02_run_figure4.sh	fb18508cdb1aba2c5636220c7807b9f451118ef466f1406d6c189a43614072be	b37c9fdcd4e257663afe9330dd014f7003f5dd6298de67dba7ba0069d9b0114f	see MINIMAL_CHANGES.md
workflow/08_figures_tables/figure4_bundle/code/assemble_release.py	2e5f65ddd892a1216c99bd3271ccf6f71496abcd8378e14c0a928de678079b3c	2e5f65ddd892a1216c99bd3271ccf6f71496abcd8378e14c0a928de678079b3c	unchanged
workflow/08_figures_tables/figure4_bundle/code/reproduce_figure4.py	3a98ffaa6f33c70859c90360d25efb976dcac442b5fbc14ccab344540818bb61	3a98ffaa6f33c70859c90360d25efb976dcac442b5fbc14ccab344540818bb61	unchanged
workflow/08_figures_tables/figure4_bundle/code/verify_package.py	00c7fb6337d0678ce4e1221067128db885ae2a4f69fedbf352d1b505db313530	1fec81a2398f6c7e91e59e5f5db7530d8e1fdeb893d5612b6f6a062df6eaa0be	see MINIMAL_CHANGES.md
workflow/08_figures_tables/figure4_bundle/run_figure4.sh	5c35da8b354844ea90b6cdec45edaa4d52eb2199ef77a4bc4407ceedbfacca6d	5c35da8b354844ea90b6cdec45edaa4d52eb2199ef77a4bc4407ceedbfacca6d	unchanged
checks/check_minimal_repository.py	34d9924c37fb790d761bb446a76570720ada46ad055a3baf591dda83997a3728		new minimal-input utility or extracted numerical module
checks/verify_environmental_mhi.py	bd5ef4ad16d2c4e32bdfbfca594a9833b7bcc411a54de15391b8046a3f13277b	4c5b64b8756bc4f8630a6e861a690d744d0b0968b68a92fbe564413e17d6d2da	see MINIMAL_CHANGES.md
checks/verify_historical_hi.py	0af049ec3c3f23273e22b1431e9e4b037f1874a7785770d7f89635569845124e	068879a7b73a96a17e41e4a7afbcbb62f04980380dcdb039af5477330a0889e1	see MINIMAL_CHANGES.md
tools/collect_required_inputs.py	52a9f7b9e228fd8be852c14329b88ceb4ab31169e6d9463a9bdb2e943309c9f1	682293e13ae25fca0447647d256fea0a751a1328be9e362c24b8152ac04e9605	see MINIMAL_CHANGES.md
tools/prepare_runtime_inputs.py	83739c96cbf278250a7d1a8fad2e779865e7408ea0b489b83e34f6a9fd440cb7		new minimal-input utility or extracted numerical module
tools/run_monitored.sh	e2d2f8a40e79291fb397609c82161e0da78762b10739fb0547ba3e49c6f02ff9	e2d2f8a40e79291fb397609c82161e0da78762b10739fb0547ba3e49c6f02ff9	unchanged
